DDT,M,S,run,event_index,n_kind_tasks,n_vars,solve_time_ms
0.5,10,1,0,0,58,308,14.2397
0.5,10,1,1,0,58,308,2.9337
0.5,10,1,2,0,58,308,2.9022
0.5,10,1,3,0,58,308,2.7841
0.5,10,1,4,0,58,308,2.7991
0.5,10,1,5,0,58,308,2.8245
0.5,10,1,6,0,58,308,2.7939
0.5,10,1,7,0,58,308,2.8961
0.5,10,1,8,0,58,308,2.7973
0.5,10,1,9,0,58,308,2.7882
0.5,10,3,0,0,78,462,4.8015
0.5,10,3,0,1,78,462,4.4637
0.5,10,3,0,2,78,462,4.3924
0.5,10,3,1,0,78,462,4.7139
0.5,10,3,1,1,78,462,4.2132
0.5,10,3,1,2,78,462,4.4798
0.5,10,3,2,0,78,462,4.8477
0.5,10,3,2,1,78,462,4.4948
0.5,10,3,2,2,78,462,4.6447
0.5,10,3,3,0,78,462,4.6819
0.5,10,3,3,1,78,462,4.4628
0.5,10,3,3,2,78,462,4.3504
0.5,10,3,4,0,78,462,4.8215
0.5,10,3,4,1,78,462,5.3161
0.5,10,3,4,2,78,462,4.5855
0.5,10,3,5,0,78,462,4.7744
0.5,10,3,5,1,78,462,5.2075
0.5,10,3,5,2,78,462,4.2692
0.5,10,3,6,0,78,462,4.9553
0.5,10,3,6,1,78,462,4.4141
0.5,10,3,6,2,78,462,4.5197
0.5,10,3,7,0,78,462,4.8009
0.5,10,3,7,1,78,462,5.1809
0.5,10,3,7,2,78,462,4.341
0.5,10,3,8,0,78,462,4.7448
0.5,10,3,8,1,78,462,4.3118
0.5,10,3,8,2,78,462,4.4425
0.5,10,3,9,0,78,462,4.6896
0.5,10,3,9,1,78,462,4.5321
0.5,10,3,9,2,78,462,4.9509
0.5,10,5,0,0,79,424,4.5961
0.5,10,5,0,1,79,424,4.5942
0.5,10,5,0,2,79,424,4.3382
0.5,10,5,0,3,79,424,9.4185
0.5,10,5,0,4,79,424,3.7418
0.5,10,5,1,0,79,424,4.4277
0.5,10,5,1,1,79,424,4.2402
0.5,10,5,1,2,79,424,4.5497
0.5,10,5,1,3,79,424,4.4533
0.5,10,5,1,4,79,424,4.0987
0.5,10,5,2,0,79,424,4.3143
0.5,10,5,2,1,79,424,4.3815
0.5,10,5,2,2,79,424,5.5973
0.5,10,5,2,3,79,424,4.3729
0.5,10,5,2,4,79,424,5.2896
0.5,10,5,3,0,79,424,4.3778
0.5,10,5,3,1,79,424,4.2344
0.5,10,5,3,2,79,424,4.1285
0.5,10,5,3,3,79,424,4.2992
0.5,10,5,3,4,79,424,3.8111
0.5,10,5,4,0,79,424,4.4024
0.5,10,5,4,1,79,424,4.4001
0.5,10,5,4,2,79,424,4.0962
0.5,10,5,4,3,79,424,4.5665
0.5,10,5,4,4,79,424,4.5255
0.5,10,5,5,0,79,424,5.9752
0.5,10,5,5,1,79,424,4.3837
0.5,10,5,5,2,79,424,4.2959
0.5,10,5,5,3,79,424,4.2951
0.5,10,5,5,4,79,424,4.2519
0.5,10,5,6,0,79,424,4.2389
0.5,10,5,6,1,79,424,4.4618
0.5,10,5,6,2,79,424,4.6813
0.5,10,5,6,3,79,424,4.3721
0.5,10,5,6,4,79,424,4.2945
0.5,10,5,7,0,79,424,4.364
0.5,10,5,7,1,79,424,4.5332
0.5,10,5,7,2,79,424,4.665
0.5,10,5,7,3,79,424,4.2122
0.5,10,5,7,4,79,424,4.1316
0.5,10,5,8,0,79,424,4.2184
0.5,10,5,8,1,79,424,4.5687
0.5,10,5,8,2,79,424,4.2579
0.5,10,5,8,3,79,424,4.2886
0.5,10,5,8,4,79,424,4.5378
0.5,10,5,9,0,79,424,4.239
0.5,10,5,9,1,79,424,4.3301
0.5,10,5,9,2,79,424,4.2245
0.5,10,5,9,3,79,424,4.0809
0.5,10,5,9,4,79,424,4.0159
0.5,15,1,0,0,77,632,4.9147
0.5,15,1,1,0,77,632,4.7814
0.5,15,1,2,0,77,632,5.0566
0.5,15,1,3,0,77,632,4.9764
0.5,15,1,4,0,77,632,4.8564
0.5,15,1,5,0,77,632,4.9089
0.5,15,1,6,0,77,632,4.9599
0.5,15,1,7,0,77,632,4.9517
0.5,15,1,8,0,77,632,4.7642
0.5,15,1,9,0,77,632,4.8004
0.5,15,3,0,0,67,517,5.0954
0.5,15,3,0,1,67,517,4.5894
0.5,15,3,0,2,67,517,4.5231
0.5,15,3,1,0,67,517,5.1328
0.5,15,3,1,1,67,517,5.2955
0.5,15,3,1,2,67,517,4.7216
0.5,15,3,2,0,67,517,5.0629
0.5,15,3,2,1,67,517,4.9045
0.5,15,3,2,2,67,517,4.6033
0.5,15,3,3,0,67,517,5.3134
0.5,15,3,3,1,67,517,4.7138
0.5,15,3,3,2,67,517,4.704
0.5,15,3,4,0,67,517,5.2085
0.5,15,3,4,1,67,517,4.2691
0.5,15,3,4,2,67,517,4.6816
0.5,15,3,5,0,67,517,6.4194
0.5,15,3,5,1,67,517,4.1786
0.5,15,3,5,2,67,517,4.3568
0.5,15,3,6,0,67,517,5.0776
0.5,15,3,6,1,67,517,4.7802
0.5,15,3,6,2,67,517,3.9255
0.5,15,3,7,0,67,517,5.2153
0.5,15,3,7,1,67,517,4.6805
0.5,15,3,7,2,67,517,4.5799
0.5,15,3,8,0,67,517,5.0314
0.5,15,3,8,1,67,517,4.6858
0.5,15,3,8,2,67,517,4.6209
0.5,15,3,9,0,67,517,5.0613
0.5,15,3,9,1,67,517,4.6017
0.5,15,3,9,2,67,517,4.2267
0.5,15,5,0,0,78,694,6.3921
0.5,15,5,0,1,78,694,6.305
0.5,15,5,0,2,78,694,5.5279
0.5,15,5,0,3,78,694,6.3734
0.5,15,5,0,4,78,694,5.3937
0.5,15,5,1,0,78,694,6.4005
0.5,15,5,1,1,78,694,5.8058
0.5,15,5,1,2,78,694,5.8675
0.5,15,5,1,3,78,694,6.3738
0.5,15,5,1,4,78,694,5.6711
0.5,15,5,2,0,78,694,6.4769
0.5,15,5,2,1,78,694,6.5725
0.5,15,5,2,2,78,694,5.4227
0.5,15,5,2,3,78,694,5.7507
0.5,15,5,2,4,78,694,5.5627
0.5,15,5,3,0,78,694,6.4195
0.5,15,5,3,1,78,694,5.7866
0.5,15,5,3,2,78,694,5.5029
0.5,15,5,3,3,78,694,6.3689
0.5,15,5,3,4,78,694,6.0488
0.5,15,5,4,0,78,694,6.3529
0.5,15,5,4,1,78,694,5.9106
0.5,15,5,4,2,78,694,5.4917
0.5,15,5,4,3,78,694,5.641
0.5,15,5,4,4,78,694,5.9617
0.5,15,5,5,0,78,694,6.4949
0.5,15,5,5,1,78,694,5.5332
0.5,15,5,5,2,78,694,5.4682
0.5,15,5,5,3,78,694,6.0468
0.5,15,5,5,4,78,694,6.2158
0.5,15,5,6,0,78,694,6.6169
0.5,15,5,6,1,78,694,5.6001
0.5,15,5,6,2,78,694,5.3978
0.5,15,5,6,3,78,694,5.5779
0.5,15,5,6,4,78,694,5.7723
0.5,15,5,7,0,78,694,6.4803
0.5,15,5,7,1,78,694,5.8138
0.5,15,5,7,2,78,694,5.8042
0.5,15,5,7,3,78,694,5.8637
0.5,15,5,7,4,78,694,6.4549
0.5,15,5,8,0,78,694,6.6984
0.5,15,5,8,1,78,694,5.651
0.5,15,5,8,2,78,694,5.3538
0.5,15,5,8,3,78,694,5.7922
0.5,15,5,8,4,78,694,5.6082
0.5,15,5,9,0,78,694,6.5991
0.5,15,5,9,1,78,694,5.9243
0.5,15,5,9,2,78,694,5.4846
0.5,15,5,9,3,78,694,5.6189
0.5,15,5,9,4,78,694,5.5769
0.5,20,1,0,0,94,888,6.5819
0.5,20,1,1,0,94,888,6.7207
0.5,20,1,2,0,94,888,6.8706
0.5,20,1,3,0,94,888,6.6335
0.5,20,1,4,0,94,888,6.5322
0.5,20,1,5,0,94,888,6.6901
0.5,20,1,6,0,94,888,6.7214
0.5,20,1,7,0,94,888,6.8017
0.5,20,1,8,0,94,888,6.6403
0.5,20,1,9,0,94,888,6.767
0.5,20,3,0,0,100,1112,8.1343
0.5,20,3,0,1,100,1112,7.6882
0.5,20,3,0,2,100,1112,8.8153
0.5,20,3,1,0,100,1112,8.2787
0.5,20,3,1,1,100,1112,10.2447
0.5,20,3,1,2,100,1112,10.428
0.5,20,3,2,0,100,1112,8.1671
0.5,20,3,2,1,100,1112,8.0462
0.5,20,3,2,2,100,1112,10.832
0.5,20,3,3,0,100,1112,8.1172
0.5,20,3,3,1,100,1112,7.9443
0.5,20,3,3,2,100,1112,7.2711
0.5,20,3,4,0,100,1112,8.1066
0.5,20,3,4,1,100,1112,8.8499
0.5,20,3,4,2,100,1112,8.491
0.5,20,3,5,0,100,1112,8.3272
0.5,20,3,5,1,100,1112,59.4768
0.5,20,3,5,2,100,1112,9.5512
0.5,20,3,6,0,100,1112,8.1206
0.5,20,3,6,1,100,1112,8.1294
0.5,20,3,6,2,100,1112,8.4194
0.5,20,3,7,0,100,1112,8.0636
0.5,20,3,7,1,100,1112,8.0479
0.5,20,3,7,2,100,1112,10.0731
0.5,20,3,8,0,100,1112,8.2194
0.5,20,3,8,1,100,1112,7.8946
0.5,20,3,8,2,100,1112,9.7291
0.5,20,3,9,0,100,1112,8.0167
0.5,20,3,9,1,100,1112,8.9316
0.5,20,3,9,2,100,1112,9.2441
0.5,20,5,0,0,39,403,2.9475
0.5,20,5,0,1,39,403,3.1264
0.5,20,5,0,2,39,403,3.0051
0.5,20,5,0,3,39,403,2.9848
0.5,20,5,0,4,39,403,3.1844
0.5,20,5,1,0,39,403,2.8616
0.5,20,5,1,1,39,403,2.885
0.5,20,5,1,2,39,403,3.2003
0.5,20,5,1,3,39,403,3.1075
0.5,20,5,1,4,39,403,2.9085
0.5,20,5,2,0,39,403,2.8826
0.5,20,5,2,1,39,403,3.1608
0.5,20,5,2,2,39,403,2.7721
0.5,20,5,2,3,39,403,3.2718
0.5,20,5,2,4,39,403,3.1188
0.5,20,5,3,0,39,403,2.922
0.5,20,5,3,1,39,403,3.094
0.5,20,5,3,2,39,403,2.9918
0.5,20,5,3,3,39,403,3.0873
0.5,20,5,3,4,39,403,3.165
0.5,20,5,4,0,39,403,2.9008
0.5,20,5,4,1,39,403,3.0788
0.5,20,5,4,2,39,403,2.8177
0.5,20,5,4,3,39,403,2.9999
0.5,20,5,4,4,39,403,3.0627
0.5,20,5,5,0,39,403,2.8569
0.5,20,5,5,1,39,403,3.0584
0.5,20,5,5,2,39,403,3.1435
0.5,20,5,5,3,39,403,6.9967
0.5,20,5,5,4,39,403,2.9797
0.5,20,5,6,0,39,403,2.8369
0.5,20,5,6,1,39,403,3.0219
0.5,20,5,6,2,39,403,3.0259
0.5,20,5,6,3,39,403,3.0692
0.5,20,5,6,4,39,403,3.3028
0.5,20,5,7,0,39,403,4.158
0.5,20,5,7,1,39,403,2.9522
0.5,20,5,7,2,39,403,2.9508
0.5,20,5,7,3,39,403,3.0622
0.5,20,5,7,4,39,403,2.975
0.5,20,5,8,0,39,403,2.857
0.5,20,5,8,1,39,403,65.0625
0.5,20,5,8,2,39,403,3.2401
0.5,20,5,8,3,39,403,3.0118
0.5,20,5,8,4,39,403,3.0291
0.5,20,5,9,0,39,403,2.9735
0.5,20,5,9,1,39,403,3.1071
0.5,20,5,9,2,39,403,3.3517
0.5,20,5,9,3,39,403,3.0147
0.5,20,5,9,4,39,403,3.3042
1.0,10,1,0,0,93,507,5.2987
1.0,10,1,1,0,93,507,6.2965
1.0,10,1,2,0,93,507,5.314
1.0,10,1,3,0,93,507,5.234
1.0,10,1,4,0,93,507,6.4833
1.0,10,1,5,0,93,507,5.9469
1.0,10,1,6,0,93,507,5.3528
1.0,10,1,7,0,93,507,5.5633
1.0,10,1,8,0,93,507,5.2265
1.0,10,1,9,0,93,507,5.3397
1.0,10,3,0,0,83,497,4.9903
1.0,10,3,0,1,83,497,5.3235
1.0,10,3,0,2,83,497,4.9672
1.0,10,3,1,0,83,497,5.0012
1.0,10,3,1,1,83,497,5.0448
1.0,10,3,1,2,83,497,4.8
1.0,10,3,2,0,83,497,4.8889
1.0,10,3,2,1,83,497,4.8062
1.0,10,3,2,2,83,497,4.7057
1.0,10,3,3,0,83,497,4.9006
1.0,10,3,3,1,83,497,5.2462
1.0,10,3,3,2,83,497,4.9017
1.0,10,3,4,0,83,497,4.8019
1.0,10,3,4,1,83,497,5.2404
1.0,10,3,4,2,83,497,4.5823
1.0,10,3,5,0,83,497,4.7913
1.0,10,3,5,1,83,497,4.6605
1.0,10,3,5,2,83,497,4.6809
1.0,10,3,6,0,83,497,4.9871
1.0,10,3,6,1,83,497,4.4572
1.0,10,3,6,2,83,497,5.2316
1.0,10,3,7,0,83,497,5.0203
1.0,10,3,7,1,83,497,5.0259
1.0,10,3,7,2,83,497,4.8494
1.0,10,3,8,0,83,497,4.7902
1.0,10,3,8,1,83,497,4.7769
1.0,10,3,8,2,83,497,11.051
1.0,10,3,9,0,83,497,4.8235
1.0,10,3,9,1,83,497,4.8547
1.0,10,3,9,2,83,497,4.7487
1.0,10,5,0,0,36,178,2.0137
1.0,10,5,0,1,36,178,2.1191
1.0,10,5,0,2,36,178,2.3873
1.0,10,5,0,3,36,178,1.8702
1.0,10,5,0,4,36,178,2.4166
1.0,10,5,1,0,36,178,1.9681
1.0,10,5,1,1,36,178,52.2235
1.0,10,5,1,2,36,178,2.0831
1.0,10,5,1,3,36,178,2.0601
1.0,10,5,1,4,36,178,1.9726
1.0,10,5,2,0,36,178,1.9357
1.0,10,5,2,1,36,178,1.9302
1.0,10,5,2,2,36,178,1.94
1.0,10,5,2,3,36,178,1.8651
1.0,10,5,2,4,36,178,2.0383
1.0,10,5,3,0,36,178,1.9512
1.0,10,5,3,1,36,178,1.8756
1.0,10,5,3,2,36,178,2.0643
1.0,10,5,3,3,36,178,2.027
1.0,10,5,3,4,36,178,1.9149
1.0,10,5,4,0,36,178,2.1191
1.0,10,5,4,1,36,178,2.0508
1.0,10,5,4,2,36,178,1.9298
1.0,10,5,4,3,36,178,1.8755
1.0,10,5,4,4,36,178,2.2295
1.0,10,5,5,0,36,178,1.9506
1.0,10,5,5,1,36,178,1.895
1.0,10,5,5,2,36,178,1.97
1.0,10,5,5,3,36,178,2.2035
1.0,10,5,5,4,36,178,1.9651
1.0,10,5,6,0,36,178,1.9557
1.0,10,5,6,1,36,178,2.0606
1.0,10,5,6,2,36,178,2.0366
1.0,10,5,6,3,36,178,2.0408
1.0,10,5,6,4,36,178,2.2115
1.0,10,5,7,0,36,178,1.9414
1.0,10,5,7,1,36,178,2.0196
1.0,10,5,7,2,36,178,2.1045
1.0,10,5,7,3,36,178,1.9552
1.0,10,5,7,4,36,178,2.0497
1.0,10,5,8,0,36,178,1.945
1.0,10,5,8,1,36,178,2.039
1.0,10,5,8,2,36,178,2.119
1.0,10,5,8,3,36,178,1.8783
1.0,10,5,8,4,36,178,2.0668
1.0,10,5,9,0,36,178,1.9514
1.0,10,5,9,1,36,178,2.1978
1.0,10,5,9,2,36,178,1.8689
1.0,10,5,9,3,36,178,2.1345
1.0,10,5,9,4,36,178,2.2245
1.0,15,1,0,0,58,426,4.132
1.0,15,1,1,0,58,426,3.8279
1.0,15,1,2,0,58,426,3.8559
1.0,15,1,3,0,58,426,3.8383
1.0,15,1,4,0,58,426,3.8326
1.0,15,1,5,0,58,426,4.8858
1.0,15,1,6,0,58,426,5.5566
1.0,15,1,7,0,58,426,3.8345
1.0,15,1,8,0,58,426,3.9313
1.0,15,1,9,0,58,426,4.0897
1.0,15,3,0,0,92,702,6.8122
1.0,15,3,0,1,92,702,6.1786
1.0,15,3,0,2,92,702,6.1068
1.0,15,3,1,0,92,702,6.9194
1.0,15,3,1,1,92,702,6.6391
1.0,15,3,1,2,92,702,7.129
1.0,15,3,2,0,92,702,6.8368
1.0,15,3,2,1,92,702,6.6315
1.0,15,3,2,2,92,702,7.6269
1.0,15,3,3,0,92,702,6.7063
1.0,15,3,3,1,92,702,6.2919
1.0,15,3,3,2,92,702,6.1765
1.0,15,3,4,0,92,702,6.8706
1.0,15,3,4,1,92,702,6.4037
1.0,15,3,4,2,92,702,6.227
1.0,15,3,5,0,92,702,7.6523
1.0,15,3,5,1,92,702,6.4782
1.0,15,3,5,2,92,702,6.3074
1.0,15,3,6,0,92,702,7.0283
1.0,15,3,6,1,92,702,6.709
1.0,15,3,6,2,92,702,6.4651
1.0,15,3,7,0,92,702,7.5609
1.0,15,3,7,1,92,702,58.9395
1.0,15,3,7,2,92,702,6.5348
1.0,15,3,8,0,92,702,6.8293
1.0,15,3,8,1,92,702,6.3821
1.0,15,3,8,2,92,702,7.2557
1.0,15,3,9,0,92,702,6.9
1.0,15,3,9,1,92,702,6.2292
1.0,15,3,9,2,92,702,5.9391
1.0,15,5,0,0,116,962,8.7057
1.0,15,5,0,1,116,962,10.611
1.0,15,5,0,2,116,962,8.3625
1.0,15,5,0,3,116,962,7.9816
1.0,15,5,0,4,116,962,7.9616
1.0,15,5,1,0,116,962,67.9404
1.0,15,5,1,1,116,962,8.7141
1.0,15,5,1,2,116,962,8.3411
1.0,15,5,1,3,116,962,18.7347
1.0,15,5,1,4,116,962,8.5872
1.0,15,5,2,0,116,962,8.8731
1.0,15,5,2,1,116,962,8.3271
1.0,15,5,2,2,116,962,8.3575
1.0,15,5,2,3,116,962,8.5904
1.0,15,5,2,4,116,962,8.0505
1.0,15,5,3,0,116,962,8.631
1.0,15,5,3,1,116,962,8.7173
1.0,15,5,3,2,116,962,8.9426
1.0,15,5,3,3,116,962,8.3476
1.0,15,5,3,4,116,962,8.2454
1.0,15,5,4,0,116,962,15.7962
1.0,15,5,4,1,116,962,8.7095
1.0,15,5,4,2,116,962,8.1684
1.0,15,5,4,3,116,962,8.5404
1.0,15,5,4,4,116,962,8.5047
1.0,15,5,5,0,116,962,8.7949
1.0,15,5,5,1,116,962,8.4856
1.0,15,5,5,2,116,962,8.9658
1.0,15,5,5,3,116,962,8.5194
1.0,15,5,5,4,116,962,8.2206
1.0,15,5,6,0,116,962,9.0687
1.0,15,5,6,1,116,962,8.5916
1.0,15,5,6,2,116,962,9.0424
1.0,15,5,6,3,116,962,8.3743
1.0,15,5,6,4,116,962,8.5113
1.0,15,5,7,0,116,962,8.8769
1.0,15,5,7,1,116,962,8.4202
1.0,15,5,7,2,116,962,10.6906
1.0,15,5,7,3,116,962,8.291
1.0,15,5,7,4,116,962,8.0907
1.0,15,5,8,0,116,962,8.7819
1.0,15,5,8,1,116,962,8.6195
1.0,15,5,8,2,116,962,8.3699
1.0,15,5,8,3,116,962,9.8363
1.0,15,5,8,4,116,962,8.8144
1.0,15,5,9,0,116,962,8.6519
1.0,15,5,9,1,116,962,9.5604
1.0,15,5,9,2,116,962,8.5214
1.0,15,5,9,3,116,962,8.1989
1.0,15,5,9,4,116,962,8.4902
1.0,20,1,0,0,73,673,5.0702
1.0,20,1,1,0,73,673,4.8773
1.0,20,1,2,0,73,673,5.2757
1.0,20,1,3,0,73,673,4.901
1.0,20,1,4,0,73,673,4.8391
1.0,20,1,5,0,73,673,7.225
1.0,20,1,6,0,73,673,4.9892
1.0,20,1,7,0,73,673,4.8632
1.0,20,1,8,0,73,673,4.8914
1.0,20,1,9,0,73,673,5.2645
1.0,20,3,0,0,38,428,3.931
1.0,20,3,0,1,38,428,4.008
1.0,20,3,0,2,38,428,4.0143
1.0,20,3,1,0,38,428,4.5099
1.0,20,3,1,1,38,428,3.8882
1.0,20,3,1,2,38,428,3.9299
1.0,20,3,2,0,38,428,3.8816
1.0,20,3,2,1,38,428,3.8864
1.0,20,3,2,2,38,428,3.9026
1.0,20,3,3,0,38,428,3.9411
1.0,20,3,3,1,38,428,3.8709
1.0,20,3,3,2,38,428,3.9084
1.0,20,3,4,0,38,428,3.997
1.0,20,3,4,1,38,428,3.8819
1.0,20,3,4,2,38,428,3.9343
1.0,20,3,5,0,38,428,3.9335
1.0,20,3,5,1,38,428,4.0125
1.0,20,3,5,2,38,428,3.8719
1.0,20,3,6,0,38,428,4.7996
1.0,20,3,6,1,38,428,3.9678
1.0,20,3,6,2,38,428,3.8936
1.0,20,3,7,0,38,428,3.83
1.0,20,3,7,1,38,428,3.9763
1.0,20,3,7,2,38,428,3.9046
1.0,20,3,8,0,38,428,3.9136
1.0,20,3,8,1,38,428,3.9115
1.0,20,3,8,2,38,428,4.0319
1.0,20,3,9,0,38,428,3.7876
1.0,20,3,9,1,38,428,3.8992
1.0,20,3,9,2,38,428,3.9812
1.0,20,5,0,0,93,945,8.0627
1.0,20,5,0,1,93,945,7.6204
1.0,20,5,0,2,93,945,7.461
1.0,20,5,0,3,93,945,7.365
1.0,20,5,0,4,93,945,7.742
1.0,20,5,1,0,93,945,7.9591
1.0,20,5,1,1,93,945,7.7313
1.0,20,5,1,2,93,945,8.0548
1.0,20,5,1,3,93,945,7.8301
1.0,20,5,1,4,93,945,7.7106
1.0,20,5,2,0,93,945,7.9243
1.0,20,5,2,1,93,945,7.2306
1.0,20,5,2,2,93,945,7.4333
1.0,20,5,2,3,93,945,11.2447
1.0,20,5,2,4,93,945,7.3011
1.0,20,5,3,0,93,945,8.1789
1.0,20,5,3,1,93,945,8.5791
1.0,20,5,3,2,93,945,7.3485
1.0,20,5,3,3,93,945,7.8104
1.0,20,5,3,4,93,945,7.5886
1.0,20,5,4,0,93,945,7.9184
1.0,20,5,4,1,93,945,8.0589
1.0,20,5,4,2,93,945,7.3584
1.0,20,5,4,3,93,945,7.5668
1.0,20,5,4,4,93,945,7.7405
1.0,20,5,5,0,93,945,8.1393
1.0,20,5,5,1,93,945,7.2224
1.0,20,5,5,2,93,945,8.3479
1.0,20,5,5,3,93,945,7.1988
1.0,20,5,5,4,93,945,7.1244
1.0,20,5,6,0,93,945,8.0143
1.0,20,5,6,1,93,945,7.565
1.0,20,5,6,2,93,945,7.6376
1.0,20,5,6,3,93,945,7.4512
1.0,20,5,6,4,93,945,7.7193
1.0,20,5,7,0,93,945,75.5899
1.0,20,5,7,1,93,945,7.6684
1.0,20,5,7,2,93,945,9.029
1.0,20,5,7,3,93,945,7.9478
1.0,20,5,7,4,93,945,7.5639
1.0,20,5,8,0,93,945,8.0721
1.0,20,5,8,1,93,945,7.5074
1.0,20,5,8,2,93,945,7.4148
1.0,20,5,8,3,93,945,8.1795
1.0,20,5,8,4,93,945,8.4264
1.0,20,5,9,0,93,945,8.7876
1.0,20,5,9,1,93,945,7.9766
1.0,20,5,9,2,93,945,7.2839
1.0,20,5,9,3,93,945,8.2238
1.0,20,5,9,4,93,945,8.1952
1.5,10,1,0,0,111,612,6.5046
1.5,10,1,1,0,111,612,6.7902
1.5,10,1,2,0,111,612,6.4871
1.5,10,1,3,0,111,612,78.967
1.5,10,1,4,0,111,612,6.91
1.5,10,1,5,0,111,612,6.5103
1.5,10,1,6,0,111,612,6.4655
1.5,10,1,7,0,111,612,6.4927
1.5,10,1,8,0,111,612,6.6428
1.5,10,1,9,0,111,612,6.6653
1.5,10,3,0,0,86,455,5.0868
1.5,10,3,0,1,86,455,4.9633
1.5,10,3,0,2,86,455,5.0448
1.5,10,3,1,0,86,455,5.2248
1.5,10,3,1,1,86,455,4.7057
1.5,10,3,1,2,86,455,4.9979
1.5,10,3,2,0,86,455,5.059
1.5,10,3,2,1,86,455,5.6201
1.5,10,3,2,2,86,455,5.0053
1.5,10,3,3,0,86,455,5.0787
1.5,10,3,3,1,86,455,4.7391
1.5,10,3,3,2,86,455,4.9637
1.5,10,3,4,0,86,455,5.2069
1.5,10,3,4,1,86,455,5.9164
1.5,10,3,4,2,86,455,5.3794
1.5,10,3,5,0,86,455,5.0485
1.5,10,3,5,1,86,455,4.5527
1.5,10,3,5,2,86,455,4.922
1.5,10,3,6,0,86,455,5.0821
1.5,10,3,6,1,86,455,4.7563
1.5,10,3,6,2,86,455,4.6735
1.5,10,3,7,0,86,455,5.175
1.5,10,3,7,1,86,455,4.6537
1.5,10,3,7,2,86,455,4.9402
1.5,10,3,8,0,86,455,5.185
1.5,10,3,8,1,86,455,4.7396
1.5,10,3,8,2,86,455,4.5741
1.5,10,3,9,0,86,455,5.0108
1.5,10,3,9,1,86,455,4.8997
1.5,10,3,9,2,86,455,4.8774
1.5,10,5,0,0,34,175,2.3978
1.5,10,5,0,1,34,175,2.2405
1.5,10,5,0,2,34,175,2.1086
1.5,10,5,0,3,34,175,2.0589
1.5,10,5,0,4,34,175,2.312
1.5,10,5,1,0,34,175,2.4197
1.5,10,5,1,1,34,175,2.1834
1.5,10,5,1,2,34,175,2.229
1.5,10,5,1,3,34,175,2.0673
1.5,10,5,1,4,34,175,1.9893
1.5,10,5,2,0,34,175,2.565
1.5,10,5,2,1,34,175,2.2364
1.5,10,5,2,2,34,175,2.027
1.5,10,5,2,3,34,175,2.1335
1.5,10,5,2,4,34,175,2.0374
1.5,10,5,3,0,34,175,2.3977
1.5,10,5,3,1,34,175,2.3418
1.5,10,5,3,2,34,175,2.3972
1.5,10,5,3,3,34,175,2.0327
1.5,10,5,3,4,34,175,2.022
1.5,10,5,4,0,34,175,2.533
1.5,10,5,4,1,34,175,2.1863
1.5,10,5,4,2,34,175,2.3373
1.5,10,5,4,3,34,175,2.0816
1.5,10,5,4,4,34,175,2.0046
1.5,10,5,5,0,34,175,2.4183
1.5,10,5,5,1,34,175,2.083
1.5,10,5,5,2,34,175,2.0341
1.5,10,5,5,3,34,175,2.0383
1.5,10,5,5,4,34,175,1.984
1.5,10,5,6,0,34,175,2.4062
1.5,10,5,6,1,34,175,2.1912
1.5,10,5,6,2,34,175,1.9711
1.5,10,5,6,3,34,175,2.8213
1.5,10,5,6,4,34,175,2.1157
1.5,10,5,7,0,34,175,2.4064
1.5,10,5,7,1,34,175,2.2953
1.5,10,5,7,2,34,175,2.2344
1.5,10,5,7,3,34,175,1.9869
1.5,10,5,7,4,34,175,2.0276
1.5,10,5,8,0,34,175,2.3748
1.5,10,5,8,1,34,175,2.0753
1.5,10,5,8,2,34,175,2.0405
1.5,10,5,8,3,34,175,2.0046
1.5,10,5,8,4,34,175,1.9966
1.5,10,5,9,0,34,175,2.5963
1.5,10,5,9,1,34,175,2.1253
1.5,10,5,9,2,34,175,2.0858
1.5,10,5,9,3,34,175,1.9176
1.5,10,5,9,4,34,175,2.0365
1.5,15,1,0,0,93,684,7.0714
1.5,15,1,1,0,93,684,6.1829
1.5,15,1,2,0,93,684,6.2959
1.5,15,1,3,0,93,684,6.2791
1.5,15,1,4,0,93,684,6.3225
1.5,15,1,5,0,93,684,6.4666
1.5,15,1,6,0,93,684,6.2294
1.5,15,1,7,0,93,684,6.2181
1.5,15,1,8,0,93,684,6.2346
1.5,15,1,9,0,93,684,6.183
1.5,15,3,0,0,91,716,7.4696
1.5,15,3,0,1,91,716,7.291
1.5,15,3,0,2,91,716,6.0472
1.5,15,3,1,0,91,716,6.7219
1.5,15,3,1,1,91,716,6.6509
1.5,15,3,1,2,91,716,6.2293
1.5,15,3,2,0,91,716,6.4283
1.5,15,3,2,1,91,716,6.6143
1.5,15,3,2,2,91,716,6.2493
1.5,15,3,3,0,91,716,6.4103
1.5,15,3,3,1,91,716,6.48
1.5,15,3,3,2,91,716,6.5851
1.5,15,3,4,0,91,716,6.0453
1.5,15,3,4,1,91,716,6.1481
1.5,15,3,4,2,91,716,5.9972
1.5,15,3,5,0,91,716,6.108
1.5,15,3,5,1,91,716,59.8789
1.5,15,3,5,2,91,716,6.0169
1.5,15,3,6,0,91,716,6.3955
1.5,15,3,6,1,91,716,6.4431
1.5,15,3,6,2,91,716,6.2054
1.5,15,3,7,0,91,716,6.0543
1.5,15,3,7,1,91,716,6.0363
1.5,15,3,7,2,91,716,6.6912
1.5,15,3,8,0,91,716,6.1178
1.5,15,3,8,1,91,716,6.191
1.5,15,3,8,2,91,716,5.9884
1.5,15,3,9,0,91,716,6.0767
1.5,15,3,9,1,91,716,6.3721
1.5,15,3,9,2,91,716,5.96
1.5,15,5,0,0,91,758,6.5201
1.5,15,5,0,1,91,758,6.2521
1.5,15,5,0,2,91,758,6.8401
1.5,15,5,0,3,91,758,6.6009
1.5,15,5,0,4,91,758,6.1742
1.5,15,5,1,0,91,758,6.6535
1.5,15,5,1,1,91,758,6.7048
1.5,15,5,1,2,91,758,6.3649
1.5,15,5,1,3,91,758,6.259
1.5,15,5,1,4,91,758,6.2163
1.5,15,5,2,0,91,758,6.431
1.5,15,5,2,1,91,758,7.8213
1.5,15,5,2,2,91,758,6.8939
1.5,15,5,2,3,91,758,6.5955
1.5,15,5,2,4,91,758,6.5488
1.5,15,5,3,0,91,758,7.8902
1.5,15,5,3,1,91,758,6.1838
1.5,15,5,3,2,91,758,6.2358
1.5,15,5,3,3,91,758,6.8434
1.5,15,5,3,4,91,758,6.8839
1.5,15,5,4,0,91,758,6.7132
1.5,15,5,4,1,91,758,6.3281
1.5,15,5,4,2,91,758,6.5322
1.5,15,5,4,3,91,758,6.2347
1.5,15,5,4,4,91,758,6.1838
1.5,15,5,5,0,91,758,6.2924
1.5,15,5,5,1,91,758,7.144
1.5,15,5,5,2,91,758,6.3544
1.5,15,5,5,3,91,758,5.8887
1.5,15,5,5,4,91,758,6.5719
1.5,15,5,6,0,91,758,6.4376
1.5,15,5,6,1,91,758,8.3404
1.5,15,5,6,2,91,758,6.6344
1.5,15,5,6,3,91,758,6.6925
1.5,15,5,6,4,91,758,6.4252
1.5,15,5,7,0,91,758,83.6732
1.5,15,5,7,1,91,758,7.021
1.5,15,5,7,2,91,758,6.3814
1.5,15,5,7,3,91,758,6.4514
1.5,15,5,7,4,91,758,6.3064
1.5,15,5,8,0,91,758,6.4466
1.5,15,5,8,1,91,758,6.8056
1.5,15,5,8,2,91,758,6.5892
1.5,15,5,8,3,91,758,6.2281
1.5,15,5,8,4,91,758,6.2563
1.5,15,5,9,0,91,758,6.5016
1.5,15,5,9,1,91,758,6.5259
1.5,15,5,9,2,91,758,7.2999
1.5,15,5,9,3,91,758,5.9732
1.5,15,5,9,4,91,758,7.7329
1.5,20,1,0,0,70,747,5.8345
1.5,20,1,1,0,70,747,5.9433
1.5,20,1,2,0,70,747,6.0313
1.5,20,1,3,0,70,747,6.2535
1.5,20,1,4,0,70,747,5.8639
1.5,20,1,5,0,70,747,6.7499
1.5,20,1,6,0,70,747,6.0061
1.5,20,1,7,0,70,747,5.9051
1.5,20,1,8,0,70,747,5.9277
1.5,20,1,9,0,70,747,6.0579
1.5,20,3,0,0,47,438,42.9519
1.5,20,3,0,1,47,438,3.3054
1.5,20,3,0,2,47,438,3.3628
1.5,20,3,1,0,47,438,3.1663
1.5,20,3,1,1,47,438,3.4051
1.5,20,3,1,2,47,438,3.324
1.5,20,3,2,0,47,438,3.1465
1.5,20,3,2,1,47,438,3.3782
1.5,20,3,2,2,47,438,3.2639
1.5,20,3,3,0,47,438,3.1419
1.5,20,3,3,1,47,438,3.5051
1.5,20,3,3,2,47,438,3.4935
1.5,20,3,4,0,47,438,3.3035
1.5,20,3,4,1,47,438,3.3139
1.5,20,3,4,2,47,438,3.3016
1.5,20,3,5,0,47,438,3.2158
1.5,20,3,5,1,47,438,3.4505
1.5,20,3,5,2,47,438,3.2918
1.5,20,3,6,0,47,438,3.1213
1.5,20,3,6,1,47,438,3.2711
1.5,20,3,6,2,47,438,3.3208
1.5,20,3,7,0,47,438,3.2358
1.5,20,3,7,1,47,438,3.3284
1.5,20,3,7,2,47,438,3.4183
1.5,20,3,8,0,47,438,3.8364
1.5,20,3,8,1,47,438,3.2817
1.5,20,3,8,2,47,438,3.3525
1.5,20,3,9,0,47,438,3.2787
1.5,20,3,9,1,47,438,3.4768
1.5,20,3,9,2,47,438,3.3189
1.5,20,5,0,0,40,388,3.1242
1.5,20,5,0,1,40,388,3.0265
1.5,20,5,0,2,40,388,2.8817
1.5,20,5,0,3,40,388,3.3885
1.5,20,5,0,4,40,388,3.3711
1.5,20,5,1,0,40,388,2.894
1.5,20,5,1,1,40,388,2.8425
1.5,20,5,1,2,40,388,2.965
1.5,20,5,1,3,40,388,2.9701
1.5,20,5,1,4,40,388,3.012
1.5,20,5,2,0,40,388,2.9489
1.5,20,5,2,1,40,388,2.8555
1.5,20,5,2,2,40,388,2.8246
1.5,20,5,2,3,40,388,3.094
1.5,20,5,2,4,40,388,3.018
1.5,20,5,3,0,40,388,2.8701
1.5,20,5,3,1,40,388,53.5918
1.5,20,5,3,2,40,388,2.8241
1.5,20,5,3,3,40,388,3.2426
1.5,20,5,3,4,40,388,3.0285
1.5,20,5,4,0,40,388,2.8624
1.5,20,5,4,1,40,388,2.906
1.5,20,5,4,2,40,388,2.815
1.5,20,5,4,3,40,388,3.1884
1.5,20,5,4,4,40,388,3.0571
1.5,20,5,5,0,40,388,3.0209
1.5,20,5,5,1,40,388,2.852
1.5,20,5,5,2,40,388,2.8038
1.5,20,5,5,3,40,388,3.0473
1.5,20,5,5,4,40,388,3.1723
1.5,20,5,6,0,40,388,2.9234
1.5,20,5,6,1,40,388,2.9361
1.5,20,5,6,2,40,388,3.0899
1.5,20,5,6,3,40,388,3.0639
1.5,20,5,6,4,40,388,3.5158
1.5,20,5,7,0,40,388,3.0154
1.5,20,5,7,1,40,388,2.9147
1.5,20,5,7,2,40,388,2.7968
1.5,20,5,7,3,40,388,3.0191
1.5,20,5,7,4,40,388,3.0064
1.5,20,5,8,0,40,388,2.8886
1.5,20,5,8,1,40,388,2.8175
1.5,20,5,8,2,40,388,2.7959
1.5,20,5,8,3,40,388,3.6508
1.5,20,5,8,4,40,388,2.9704
1.5,20,5,9,0,40,388,2.9068
1.5,20,5,9,1,40,388,65.3101
1.5,20,5,9,2,40,388,2.8731
1.5,20,5,9,3,40,388,3.0557
1.5,20,5,9,4,40,388,4.057
0.5,25,10,0,0,60,854,6.9366
0.5,25,10,0,1,60,854,6.8834
0.5,25,10,0,2,60,854,7.0664
0.5,25,10,0,3,60,854,7.5557
0.5,25,10,0,4,60,854,7.736
0.5,25,10,0,5,60,854,7.0299
0.5,25,10,0,6,60,854,6.587
0.5,25,10,0,7,60,854,7.0048
0.5,25,10,0,8,60,854,6.7032
0.5,25,10,0,9,60,854,7.2465
0.5,25,10,1,0,60,854,6.963
0.5,25,10,1,1,60,854,6.9383
0.5,25,10,1,2,60,854,9.0769
0.5,25,10,1,3,60,854,7.585
0.5,25,10,1,4,60,854,6.8845
0.5,25,10,1,5,60,854,8.3405
0.5,25,10,1,6,60,854,6.9381
0.5,25,10,1,7,60,854,7.2605
0.5,25,10,1,8,60,854,7.1379
0.5,25,10,1,9,60,854,6.6798
0.5,25,10,2,0,60,854,7.0431
0.5,25,10,2,1,60,854,7.0987
0.5,25,10,2,2,60,854,7.7535
0.5,25,10,2,3,60,854,7.3507
0.5,25,10,2,4,60,854,8.6345
0.5,25,10,2,5,60,854,7.1563
0.5,25,10,2,6,60,854,7.1721
0.5,25,10,2,7,60,854,7.4835
0.5,25,10,2,8,60,854,7.03
0.5,25,10,2,9,60,854,6.8169
0.5,25,10,3,0,60,854,7.1065
0.5,25,10,3,1,60,854,7.0003
0.5,25,10,3,2,60,854,7.6242
0.5,25,10,3,3,60,854,7.9541
0.5,25,10,3,4,60,854,9.3241
0.5,25,10,3,5,60,854,7.7889
0.5,25,10,3,6,60,854,7.0157
0.5,25,10,3,7,60,854,7.1991
0.5,25,10,3,8,60,854,6.6513
0.5,25,10,3,9,60,854,7.251
0.5,25,10,4,0,60,854,7.1294
0.5,25,10,4,1,60,854,6.8389
0.5,25,10,4,2,60,854,7.3918
0.5,25,10,4,3,60,854,7.7153
0.5,25,10,4,4,60,854,8.1178
0.5,25,10,4,5,60,854,7.0575
0.5,25,10,4,6,60,854,7.0477
0.5,25,10,4,7,60,854,8.7591
0.5,25,10,4,8,60,854,7.0883
0.5,25,10,4,9,60,854,11.125
0.5,25,10,5,0,60,854,7.0125
0.5,25,10,5,1,60,854,7.0895
0.5,25,10,5,2,60,854,6.8751
0.5,25,10,5,3,60,854,7.5886
0.5,25,10,5,4,60,854,8.1168
0.5,25,10,5,5,60,854,7.224
0.5,25,10,5,6,60,854,6.8375
0.5,25,10,5,7,60,854,6.8235
0.5,25,10,5,8,60,854,6.9509
0.5,25,10,5,9,60,854,8.1838
0.5,25,10,6,0,60,854,7.2095
0.5,25,10,6,1,60,854,7.0592
0.5,25,10,6,2,60,854,6.9508
0.5,25,10,6,3,60,854,7.5873
0.5,25,10,6,4,60,854,7.2221
0.5,25,10,6,5,60,854,7.074
0.5,25,10,6,6,60,854,7.0813
0.5,25,10,6,7,60,854,6.6512
0.5,25,10,6,8,60,854,7.2963
0.5,25,10,6,9,60,854,8.6689
0.5,25,10,7,0,60,854,6.9845
0.5,25,10,7,1,60,854,8.1793
0.5,25,10,7,2,60,854,7.4436
0.5,25,10,7,3,60,854,7.6311
0.5,25,10,7,4,60,854,6.9489
0.5,25,10,7,5,60,854,7.4048
0.5,25,10,7,6,60,854,6.8976
0.5,25,10,7,7,60,854,7.2719
0.5,25,10,7,8,60,854,7.3397
0.5,25,10,7,9,60,854,7.5066
0.5,25,10,8,0,60,854,7.2697
0.5,25,10,8,1,60,854,9.0406
0.5,25,10,8,2,60,854,7.4637
0.5,25,10,8,3,60,854,7.5567
0.5,25,10,8,4,60,854,7.28
0.5,25,10,8,5,60,854,7.0862
0.5,25,10,8,6,60,854,8.0842
0.5,25,10,8,7,60,854,6.8843
0.5,25,10,8,8,60,854,7.1505
0.5,25,10,8,9,60,854,6.4446
0.5,25,10,9,0,60,854,6.962
0.5,25,10,9,1,60,854,8.3432
0.5,25,10,9,2,60,854,7.1473
0.5,25,10,9,3,60,854,7.3171
0.5,25,10,9,4,60,854,7.3316
0.5,25,10,9,5,60,854,7.1168
0.5,25,10,9,6,60,854,6.7348
0.5,25,10,9,7,60,854,7.1801
0.5,25,10,9,8,60,854,6.6752
0.5,25,10,9,9,60,854,6.3445
0.5,25,8,0,0,111,1428,13.4857
0.5,25,8,0,1,111,1428,11.8392
0.5,25,8,0,2,111,1428,11.978
0.5,25,8,0,3,111,1428,12.0077
0.5,25,8,0,4,111,1428,12.2993
0.5,25,8,0,5,111,1428,12.4441
0.5,25,8,0,6,111,1428,11.7303
0.5,25,8,0,7,111,1428,11.4546
0.5,25,8,1,0,111,1428,13.3584
0.5,25,8,1,1,111,1428,12.7863
0.5,25,8,1,2,111,1428,11.9979
0.5,25,8,1,3,111,1428,12.146
0.5,25,8,1,4,111,1428,12.0341
0.5,25,8,1,5,111,1428,12.1735
0.5,25,8,1,6,111,1428,11.6815
0.5,25,8,1,7,111,1428,11.7956
0.5,25,8,2,0,111,1428,13.4031
0.5,25,8,2,1,111,1428,12.2972
0.5,25,8,2,2,111,1428,11.7289
0.5,25,8,2,3,111,1428,11.4
0.5,25,8,2,4,111,1428,12.3182
0.5,25,8,2,5,111,1428,12.1089
0.5,25,8,2,6,111,1428,11.7989
0.5,25,8,2,7,111,1428,12.488
0.5,25,8,3,0,111,1428,13.502
0.5,25,8,3,1,111,1428,11.76
0.5,25,8,3,2,111,1428,12.0895
0.5,25,8,3,3,111,1428,11.9911
0.5,25,8,3,4,111,1428,13.1582
0.5,25,8,3,5,111,1428,14.5413
0.5,25,8,3,6,111,1428,11.244
0.5,25,8,3,7,111,1428,13.6245
0.5,25,8,4,0,111,1428,14.0232
0.5,25,8,4,1,111,1428,11.7456
0.5,25,8,4,2,111,1428,11.8606
0.5,25,8,4,3,111,1428,12.3082
0.5,25,8,4,4,111,1428,12.398
0.5,25,8,4,5,111,1428,12.0919
0.5,25,8,4,6,111,1428,11.9641
0.5,25,8,4,7,111,1428,11.9571
0.5,25,8,5,0,111,1428,18.0794
0.5,25,8,5,1,111,1428,12.3445
0.5,25,8,5,2,111,1428,11.6481
0.5,25,8,5,3,111,1428,14.1319
0.5,25,8,5,4,111,1428,17.1066
0.5,25,8,5,5,111,1428,11.9674
0.5,25,8,5,6,111,1428,12.6294
0.5,25,8,5,7,111,1428,11.8391
0.5,25,8,6,0,111,1428,13.3603
0.5,25,8,6,1,111,1428,11.7511
0.5,25,8,6,2,111,1428,11.8153
0.5,25,8,6,3,111,1428,11.4404
0.5,25,8,6,4,111,1428,12.2913
0.5,25,8,6,5,111,1428,12.1174
0.5,25,8,6,6,111,1428,11.4106
0.5,25,8,6,7,111,1428,134.4297
0.5,25,8,7,0,111,1428,14.268
0.5,25,8,7,1,111,1428,12.5468
0.5,25,8,7,2,111,1428,11.5818
0.5,25,8,7,3,111,1428,11.1609
0.5,25,8,7,4,111,1428,12.3992
0.5,25,8,7,5,111,1428,11.8516
0.5,25,8,7,6,111,1428,12.3998
0.5,25,8,7,7,111,1428,11.9961
0.5,25,8,8,0,111,1428,13.4825
0.5,25,8,8,1,111,1428,11.4221
0.5,25,8,8,2,111,1428,13.4414
0.5,25,8,8,3,111,1428,11.6493
0.5,25,8,8,4,111,1428,11.9171
0.5,25,8,8,5,111,1428,12.2946
0.5,25,8,8,6,111,1428,12.9716
0.5,25,8,8,7,111,1428,11.467
0.5,25,8,9,0,111,1428,13.7423
0.5,25,8,9,1,111,1428,11.9299
0.5,25,8,9,2,111,1428,11.8322
0.5,25,8,9,3,111,1428,10.9421
0.5,25,8,9,4,111,1428,15.2873
0.5,25,8,9,5,111,1428,12.1459
0.5,25,8,9,6,111,1428,11.9961
0.5,25,8,9,7,111,1428,13.5834
0.5,30,10,0,0,96,1539,14.2569
0.5,30,10,0,1,96,1539,12.5749
0.5,30,10,0,2,96,1539,15.0369
0.5,30,10,0,3,96,1539,12.3326
0.5,30,10,0,4,96,1539,13.195
0.5,30,10,0,5,96,1539,12.7431
0.5,30,10,0,6,96,1539,107.2088
0.5,30,10,0,7,96,1539,13.817
0.5,30,10,0,8,96,1539,12.609
0.5,30,10,0,9,96,1539,12.5731
0.5,30,10,1,0,96,1539,12.6904
0.5,30,10,1,1,96,1539,12.8185
0.5,30,10,1,2,96,1539,14.5643
0.5,30,10,1,3,96,1539,12.2869
0.5,30,10,1,4,96,1539,12.5637
0.5,30,10,1,5,96,1539,13.915
0.5,30,10,1,6,96,1539,12.5359
0.5,30,10,1,7,96,1539,14.2862
0.5,30,10,1,8,96,1539,14.2845
0.5,30,10,1,9,96,1539,12.9065
0.5,30,10,2,0,96,1539,12.5769
0.5,30,10,2,1,96,1539,14.1266
0.5,30,10,2,2,96,1539,14.5423
0.5,30,10,2,3,96,1539,11.9172
0.5,30,10,2,4,96,1539,16.805
0.5,30,10,2,5,96,1539,12.7335
0.5,30,10,2,6,96,1539,14.6708
0.5,30,10,2,7,96,1539,13.014
0.5,30,10,2,8,96,1539,12.876
0.5,30,10,2,9,96,1539,18.0839
0.5,30,10,3,0,96,1539,12.6213
0.5,30,10,3,1,96,1539,13.4276
0.5,30,10,3,2,96,1539,13.9718
0.5,30,10,3,3,96,1539,15.6803
0.5,30,10,3,4,96,1539,12.935
0.5,30,10,3,5,96,1539,13.3004
0.5,30,10,3,6,96,1539,131.691
0.5,30,10,3,7,96,1539,12.4049
0.5,30,10,3,8,96,1539,11.8903
0.5,30,10,3,9,96,1539,13.0283
0.5,30,10,4,0,96,1539,12.8981
0.5,30,10,4,1,96,1539,12.7591
0.5,30,10,4,2,96,1539,12.3241
0.5,30,10,4,3,96,1539,12.505
0.5,30,10,4,4,96,1539,16.6527
0.5,30,10,4,5,96,1539,12.8659
0.5,30,10,4,6,96,1539,13.74
0.5,30,10,4,7,96,1539,12.824
0.5,30,10,4,8,96,1539,13.3561
0.5,30,10,4,9,96,1539,12.1412
0.5,30,10,5,0,96,1539,12.5676
0.5,30,10,5,1,96,1539,12.5141
0.5,30,10,5,2,96,1539,12.7339
0.5,30,10,5,3,96,1539,11.6674
0.5,30,10,5,4,96,1539,12.762
0.5,30,10,5,5,96,1539,12.7235
0.5,30,10,5,6,96,1539,11.4928
0.5,30,10,5,7,96,1539,13.445
0.5,30,10,5,8,96,1539,11.6605
0.5,30,10,5,9,96,1539,12.1967
0.5,30,10,6,0,96,1539,17.7697
0.5,30,10,6,1,96,1539,12.2866
0.5,30,10,6,2,96,1539,12.9798
0.5,30,10,6,3,96,1539,13.736
0.5,30,10,6,4,96,1539,12.8206
0.5,30,10,6,5,96,1539,16.8474
0.5,30,10,6,6,96,1539,12.0839
0.5,30,10,6,7,96,1539,13.012
0.5,30,10,6,8,96,1539,12.7914
0.5,30,10,6,9,96,1539,12.428
0.5,30,10,7,0,96,1539,12.8414
0.5,30,10,7,1,96,1539,13.3206
0.5,30,10,7,2,96,1539,12.951
0.5,30,10,7,3,96,1539,13.3251
0.5,30,10,7,4,96,1539,11.83
0.5,30,10,7,5,96,1539,12.4479
0.5,30,10,7,6,96,1539,12.0534
0.5,30,10,7,7,96,1539,13.0265
0.5,30,10,7,8,96,1539,12.4751
0.5,30,10,7,9,96,1539,12.4195
0.5,30,10,8,0,96,1539,12.7603
0.5,30,10,8,1,96,1539,13.0349
0.5,30,10,8,2,96,1539,14.5398
0.5,30,10,8,3,96,1539,13.2321
0.5,30,10,8,4,96,1539,13.4139
0.5,30,10,8,5,96,1539,12.7707
0.5,30,10,8,6,96,1539,12.4858
0.5,30,10,8,7,96,1539,12.3086
0.5,30,10,8,8,96,1539,12.4124
0.5,30,10,8,9,96,1539,12.7567
0.5,30,10,9,0,96,1539,12.6076
0.5,30,10,9,1,96,1539,12.5246
0.5,30,10,9,2,96,1539,14.1126
0.5,30,10,9,3,96,1539,13.4968
0.5,30,10,9,4,96,1539,12.0134
0.5,30,10,9,5,96,1539,12.747
0.5,30,10,9,6,96,1539,11.9645
0.5,30,10,9,7,96,1539,12.1452
0.5,30,10,9,8,96,1539,12.339
0.5,30,10,9,9,96,1539,12.3616
0.5,30,8,0,0,42,629,4.1293
0.5,30,8,0,1,42,629,4.9568
0.5,30,8,0,2,42,629,5.1832
0.5,30,8,0,3,42,629,5.0003
0.5,30,8,0,4,42,629,4.5464
0.5,30,8,0,5,42,629,5.4277
0.5,30,8,0,6,42,629,4.9401
0.5,30,8,0,7,42,629,4.165
0.5,30,8,1,0,42,629,4.1284
0.5,30,8,1,1,42,629,4.5921
0.5,30,8,1,2,42,629,5.599
0.5,30,8,1,3,42,629,6.4168
0.5,30,8,1,4,42,629,4.4567
0.5,30,8,1,5,42,629,5.3485
0.5,30,8,1,6,42,629,5.7127
0.5,30,8,1,7,42,629,4.3179
0.5,30,8,2,0,42,629,4.2207
0.5,30,8,2,1,42,629,4.5025
0.5,30,8,2,2,42,629,5.5604
0.5,30,8,2,3,42,629,5.8244
0.5,30,8,2,4,42,629,4.6848
0.5,30,8,2,5,42,629,5.3729
0.5,30,8,2,6,42,629,7.1588
0.5,30,8,2,7,42,629,4.2495
0.5,30,8,3,0,42,629,4.153
0.5,30,8,3,1,42,629,4.4442
0.5,30,8,3,2,42,629,5.3415
0.5,30,8,3,3,42,629,5.5863
0.5,30,8,3,4,42,629,4.8711
0.5,30,8,3,5,42,629,4.3805
0.5,30,8,3,6,42,629,5.2731
0.5,30,8,3,7,42,629,4.4572
0.5,30,8,4,0,42,629,4.1655
0.5,30,8,4,1,42,629,4.4778
0.5,30,8,4,2,42,629,5.3079
0.5,30,8,4,3,42,629,6.3785
0.5,30,8,4,4,42,629,4.5159
0.5,30,8,4,5,42,629,6.2147
0.5,30,8,4,6,42,629,4.766
0.5,30,8,4,7,42,629,4.1951
0.5,30,8,5,0,42,629,4.2562
0.5,30,8,5,1,42,629,4.5232
0.5,30,8,5,2,42,629,5.185
0.5,30,8,5,3,42,629,6.9347
0.5,30,8,5,4,42,629,5.039
0.5,30,8,5,5,42,629,6.1571
0.5,30,8,5,6,42,629,4.6958
0.5,30,8,5,7,42,629,4.8856
0.5,30,8,6,0,42,629,4.4569
0.5,30,8,6,1,42,629,4.7331
0.5,30,8,6,2,42,629,5.1727
0.5,30,8,6,3,42,629,6.244
0.5,30,8,6,4,42,629,4.9514
0.5,30,8,6,5,42,629,5.7074
0.5,30,8,6,6,42,629,5.8117
0.5,30,8,6,7,42,629,4.5313
0.5,30,8,7,0,42,629,4.0846
0.5,30,8,7,1,42,629,5.4239
0.5,30,8,7,2,42,629,4.8467
0.5,30,8,7,3,42,629,6.5863
0.5,30,8,7,4,42,629,5.3427
0.5,30,8,7,5,42,629,4.1625
0.5,30,8,7,6,42,629,5.6632
0.5,30,8,7,7,42,629,4.4075
0.5,30,8,8,0,42,629,4.0805
0.5,30,8,8,1,42,629,4.1201
0.5,30,8,8,2,42,629,5.3071
0.5,30,8,8,3,42,629,4.1435
0.5,30,8,8,4,42,629,4.5991
0.5,30,8,8,5,42,629,5.1337
0.5,30,8,8,6,42,629,4.8244
0.5,30,8,8,7,42,629,4.1291
0.5,30,8,9,0,42,629,4.0222
0.5,30,8,9,1,42,629,4.4271
0.5,30,8,9,2,42,629,5.4298
0.5,30,8,9,3,42,629,6.6226
0.5,30,8,9,4,42,629,4.9234
0.5,30,8,9,5,42,629,5.1402
0.5,30,8,9,6,42,629,5.8376
0.5,30,8,9,7,42,629,4.1371
0.5,40,10,0,0,73,1403,12.1009
0.5,40,10,0,1,73,1403,15.2976
0.5,40,10,0,2,73,1403,13.748
0.5,40,10,0,3,73,1403,19.849
0.5,40,10,0,4,73,1403,16.4624
0.5,40,10,0,5,73,1403,14.9776
0.5,40,10,0,6,73,1403,11.7662
0.5,40,10,0,7,73,1403,13.323
0.5,40,10,0,8,73,1403,12.062
0.5,40,10,0,9,73,1403,11.8913
0.5,40,10,1,0,73,1403,12.4811
0.5,40,10,1,1,73,1403,12.2115
0.5,40,10,1,2,73,1403,13.6151
0.5,40,10,1,3,73,1403,14.3388
0.5,40,10,1,4,73,1403,12.1181
0.5,40,10,1,5,73,1403,11.9661
0.5,40,10,1,6,73,1403,17.4457
0.5,40,10,1,7,73,1403,11.511
0.5,40,10,1,8,73,1403,11.5421
0.5,40,10,1,9,73,1403,11.8104
0.5,40,10,2,0,73,1403,12.0346
0.5,40,10,2,1,73,1403,15.5579
0.5,40,10,2,2,73,1403,12.8946
0.5,40,10,2,3,73,1403,12.9895
0.5,40,10,2,4,73,1403,12.8395
0.5,40,10,2,5,73,1403,11.9909
0.5,40,10,2,6,73,1403,91.8787
0.5,40,10,2,7,73,1403,11.9916
0.5,40,10,2,8,73,1403,12.3599
0.5,40,10,2,9,73,1403,12.2836
0.5,40,10,3,0,73,1403,12.0146
0.5,40,10,3,1,73,1403,13.854
0.5,40,10,3,2,73,1403,12.3612
0.5,40,10,3,3,73,1403,13.4137
0.5,40,10,3,4,73,1403,12.958
0.5,40,10,3,5,73,1403,14.1962
0.5,40,10,3,6,73,1403,13.8687
0.5,40,10,3,7,73,1403,11.9346
0.5,40,10,3,8,73,1403,13.1681
0.5,40,10,3,9,73,1403,11.3658
0.5,40,10,4,0,73,1403,12.1128
0.5,40,10,4,1,73,1403,11.9321
0.5,40,10,4,2,73,1403,11.7721
0.5,40,10,4,3,73,1403,13.6588
0.5,40,10,4,4,73,1403,13.5288
0.5,40,10,4,5,73,1403,15.0967
0.5,40,10,4,6,73,1403,15.0719
0.5,40,10,4,7,73,1403,12.4104
0.5,40,10,4,8,73,1403,12.804
0.5,40,10,4,9,73,1403,10.9566
0.5,40,10,5,0,73,1403,12.0024
0.5,40,10,5,1,73,1403,100.9609
0.5,40,10,5,2,73,1403,15.1618
0.5,40,10,5,3,73,1403,13.0549
0.5,40,10,5,4,73,1403,13.9601
0.5,40,10,5,5,73,1403,12.5679
0.5,40,10,5,6,73,1403,12.6476
0.5,40,10,5,7,73,1403,12.7892
0.5,40,10,5,8,73,1403,12.5744
0.5,40,10,5,9,73,1403,12.1978
0.5,40,10,6,0,73,1403,12.3105
0.5,40,10,6,1,73,1403,15.0189
0.5,40,10,6,2,73,1403,12.4082
0.5,40,10,6,3,73,1403,12.1379
0.5,40,10,6,4,73,1403,13.2558
0.5,40,10,6,5,73,1403,12.1451
0.5,40,10,6,6,73,1403,12.2206
0.5,40,10,6,7,73,1403,12.1479
0.5,40,10,6,8,73,1403,13.8287
0.5,40,10,6,9,73,1403,11.9105
0.5,40,10,7,0,73,1403,12.0644
0.5,40,10,7,1,73,1403,14.652
0.5,40,10,7,2,73,1403,15.4934
0.5,40,10,7,3,73,1403,13.1956
0.5,40,10,7,4,73,1403,12.8036
0.5,40,10,7,5,73,1403,14.6753
0.5,40,10,7,6,73,1403,11.3996
0.5,40,10,7,7,73,1403,12.4034
0.5,40,10,7,8,73,1403,12.0805
0.5,40,10,7,9,73,1403,11.6008
0.5,40,10,8,0,73,1403,12.0477
0.5,40,10,8,1,73,1403,12.6447
0.5,40,10,8,2,73,1403,12.7397
0.5,40,10,8,3,73,1403,12.6447
0.5,40,10,8,4,73,1403,12.7277
0.5,40,10,8,5,73,1403,11.7208
0.5,40,10,8,6,73,1403,12.3878
0.5,40,10,8,7,73,1403,11.3816
0.5,40,10,8,8,73,1403,10.9707
0.5,40,10,8,9,73,1403,11.9509
0.5,40,10,9,0,73,1403,13.054
0.5,40,10,9,1,73,1403,14.9703
0.5,40,10,9,2,73,1403,12.2162
0.5,40,10,9,3,73,1403,12.9467
0.5,40,10,9,4,73,1403,12.5748
0.5,40,10,9,5,73,1403,13.3456
0.5,40,10,9,6,73,1403,11.7511
0.5,40,10,9,7,73,1403,11.6157
0.5,40,10,9,8,73,1403,12.9254
0.5,40,10,9,9,73,1403,13.1639
0.5,40,8,0,0,112,2399,21.426
0.5,40,8,0,1,112,2399,21.0258
0.5,40,8,0,2,112,2399,19.9711
0.5,40,8,0,3,112,2399,20.1589
0.5,40,8,0,4,112,2399,18.8424
0.5,40,8,0,5,112,2399,19.1527
0.5,40,8,0,6,112,2399,18.8359
0.5,40,8,0,7,112,2399,20.1247
0.5,40,8,1,0,112,2399,20.1608
0.5,40,8,1,1,112,2399,20.9457
0.5,40,8,1,2,112,2399,19.6199
0.5,40,8,1,3,112,2399,19.8288
0.5,40,8,1,4,112,2399,18.3964
0.5,40,8,1,5,112,2399,119.8281
0.5,40,8,1,6,112,2399,19.8591
0.5,40,8,1,7,112,2399,20.0035
0.5,40,8,2,0,112,2399,20.4575
0.5,40,8,2,1,112,2399,21.3302
0.5,40,8,2,2,112,2399,20.4055
0.5,40,8,2,3,112,2399,18.8856
0.5,40,8,2,4,112,2399,20.3222
0.5,40,8,2,5,112,2399,19.3974
0.5,40,8,2,6,112,2399,19.354
0.5,40,8,2,7,112,2399,19.5723
0.5,40,8,3,0,112,2399,19.8213
0.5,40,8,3,1,112,2399,20.0262
0.5,40,8,3,2,112,2399,22.6329
0.5,40,8,3,3,112,2399,18.1191
0.5,40,8,3,4,112,2399,18.5432
0.5,40,8,3,5,112,2399,19.6851
0.5,40,8,3,6,112,2399,19.5584
0.5,40,8,3,7,112,2399,20.2323
0.5,40,8,4,0,112,2399,19.6372
0.5,40,8,4,1,112,2399,20.6164
0.5,40,8,4,2,112,2399,19.8531
0.5,40,8,4,3,112,2399,19.5561
0.5,40,8,4,4,112,2399,137.0618
0.5,40,8,4,5,112,2399,19.5059
0.5,40,8,4,6,112,2399,19.2855
0.5,40,8,4,7,112,2399,19.4559
0.5,40,8,5,0,112,2399,19.7572
0.5,40,8,5,1,112,2399,20.5181
0.5,40,8,5,2,112,2399,19.8432
0.5,40,8,5,3,112,2399,19.8912
0.5,40,8,5,4,112,2399,18.4888
0.5,40,8,5,5,112,2399,30.4229
0.5,40,8,5,6,112,2399,18.0245
0.5,40,8,5,7,112,2399,19.3913
0.5,40,8,6,0,112,2399,19.8879
0.5,40,8,6,1,112,2399,21.0241
0.5,40,8,6,2,112,2399,19.1214
0.5,40,8,6,3,112,2399,19.6686
0.5,40,8,6,4,112,2399,19.0022
0.5,40,8,6,5,112,2399,18.1828
0.5,40,8,6,6,112,2399,17.9014
0.5,40,8,6,7,112,2399,19.2709
0.5,40,8,7,0,112,2399,20.2274
0.5,40,8,7,1,112,2399,21.4855
0.5,40,8,7,2,112,2399,21.1423
0.5,40,8,7,3,112,2399,21.6112
0.5,40,8,7,4,112,2399,19.185
0.5,40,8,7,5,112,2399,20.3948
0.5,40,8,7,6,112,2399,19.4856
0.5,40,8,7,7,112,2399,19.9749
0.5,40,8,8,0,112,2399,19.6949
0.5,40,8,8,1,112,2399,20.7168
0.5,40,8,8,2,112,2399,18.7058
0.5,40,8,8,3,112,2399,20.4521
0.5,40,8,8,4,112,2399,18.9356
0.5,40,8,8,5,112,2399,18.6599
0.5,40,8,8,6,112,2399,19.923
0.5,40,8,8,7,112,2399,19.2071
0.5,40,8,9,0,112,2399,19.6617
0.5,40,8,9,1,112,2399,19.4988
0.5,40,8,9,2,112,2399,20.5089
0.5,40,8,9,3,112,2399,19.346
0.5,40,8,9,4,112,2399,19.6902
0.5,40,8,9,5,112,2399,19.054
0.5,40,8,9,6,112,2399,19.9296
0.5,40,8,9,7,112,2399,19.9269
1.0,25,10,0,0,89,1101,9.8266
1.0,25,10,0,1,89,1101,10.3193
1.0,25,10,0,2,89,1101,9.4916
1.0,25,10,0,3,89,1101,9.8937
1.0,25,10,0,4,89,1101,10.3324
1.0,25,10,0,5,89,1101,10.011
1.0,25,10,0,6,89,1101,9.282
1.0,25,10,0,7,89,1101,10.6729
1.0,25,10,0,8,89,1101,12.5537
1.0,25,10,0,9,89,1101,9.6993
1.0,25,10,1,0,89,1101,9.857
1.0,25,10,1,1,89,1101,8.8994
1.0,25,10,1,2,89,1101,9.8014
1.0,25,10,1,3,89,1101,9.4171
1.0,25,10,1,4,89,1101,9.8959
1.0,25,10,1,5,89,1101,9.7165
1.0,25,10,1,6,89,1101,9.3168
1.0,25,10,1,7,89,1101,10.2756
1.0,25,10,1,8,89,1101,9.0868
1.0,25,10,1,9,89,1101,8.9746
1.0,25,10,2,0,89,1101,9.9776
1.0,25,10,2,1,89,1101,127.564
1.0,25,10,2,2,89,1101,9.4021
1.0,25,10,2,3,89,1101,10.0845
1.0,25,10,2,4,89,1101,9.6182
1.0,25,10,2,5,89,1101,9.5061
1.0,25,10,2,6,89,1101,9.4475
1.0,25,10,2,7,89,1101,9.6842
1.0,25,10,2,8,89,1101,9.6048
1.0,25,10,2,9,89,1101,11.1365
1.0,25,10,3,0,89,1101,9.8268
1.0,25,10,3,1,89,1101,9.5957
1.0,25,10,3,2,89,1101,12.8123
1.0,25,10,3,3,89,1101,9.488
1.0,25,10,3,4,89,1101,9.2196
1.0,25,10,3,5,89,1101,10.4396
1.0,25,10,3,6,89,1101,9.27
1.0,25,10,3,7,89,1101,9.8727
1.0,25,10,3,8,89,1101,9.5717
1.0,25,10,3,9,89,1101,10.1965
1.0,25,10,4,0,89,1101,9.7864
1.0,25,10,4,1,89,1101,9.793
1.0,25,10,4,2,89,1101,9.2691
1.0,25,10,4,3,89,1101,12.2768
1.0,25,10,4,4,89,1101,9.624
1.0,25,10,4,5,89,1101,8.8322
1.0,25,10,4,6,89,1101,9.1086
1.0,25,10,4,7,89,1101,9.1339
1.0,25,10,4,8,89,1101,9.7609
1.0,25,10,4,9,89,1101,9.6542
1.0,25,10,5,0,89,1101,9.8324
1.0,25,10,5,1,89,1101,9.4882
1.0,25,10,5,2,89,1101,9.6069
1.0,25,10,5,3,89,1101,9.2856
1.0,25,10,5,4,89,1101,9.2455
1.0,25,10,5,5,89,1101,10.3729
1.0,25,10,5,6,89,1101,9.7699
1.0,25,10,5,7,89,1101,9.9885
1.0,25,10,5,8,89,1101,144.4072
1.0,25,10,5,9,89,1101,10.7032
1.0,25,10,6,0,89,1101,9.5984
1.0,25,10,6,1,89,1101,9.7718
1.0,25,10,6,2,89,1101,11.063
1.0,25,10,6,3,89,1101,9.4945
1.0,25,10,6,4,89,1101,10.2924
1.0,25,10,6,5,89,1101,9.4817
1.0,25,10,6,6,89,1101,8.9863
1.0,25,10,6,7,89,1101,10.0722
1.0,25,10,6,8,89,1101,10.2858
1.0,25,10,6,9,89,1101,9.6827
1.0,25,10,7,0,89,1101,9.5709
1.0,25,10,7,1,89,1101,12.8835
1.0,25,10,7,2,89,1101,9.6847
1.0,25,10,7,3,89,1101,9.2212
1.0,25,10,7,4,89,1101,9.475
1.0,25,10,7,5,89,1101,10.9695
1.0,25,10,7,6,89,1101,11.0268
1.0,25,10,7,7,89,1101,9.489
1.0,25,10,7,8,89,1101,10.7634
1.0,25,10,7,9,89,1101,9.3654
1.0,25,10,8,0,89,1101,9.8396
1.0,25,10,8,1,89,1101,10.4641
1.0,25,10,8,2,89,1101,9.9061
1.0,25,10,8,3,89,1101,10.5806
1.0,25,10,8,4,89,1101,9.5288
1.0,25,10,8,5,89,1101,9.8992
1.0,25,10,8,6,89,1101,10.0244
1.0,25,10,8,7,89,1101,10.318
1.0,25,10,8,8,89,1101,9.4268
1.0,25,10,8,9,89,1101,9.3678
1.0,25,10,9,0,89,1101,9.7351
1.0,25,10,9,1,89,1101,9.96
1.0,25,10,9,2,89,1101,9.3217
1.0,25,10,9,3,89,1101,9.8052
1.0,25,10,9,4,89,1101,9.8555
1.0,25,10,9,5,89,1101,8.9762
1.0,25,10,9,6,89,1101,9.8362
1.0,25,10,9,7,89,1101,9.5883
1.0,25,10,9,8,89,1101,10.5865
1.0,25,10,9,9,89,1101,9.2441
1.0,25,8,0,0,69,945,7.7466
1.0,25,8,0,1,69,945,8.4657
1.0,25,8,0,2,69,945,8.8032
1.0,25,8,0,3,69,945,7.45
1.0,25,8,0,4,69,945,7.7997
1.0,25,8,0,5,69,945,105.9443
1.0,25,8,0,6,69,945,8.235
1.0,25,8,0,7,69,945,8.3823
1.0,25,8,1,0,69,945,7.6171
1.0,25,8,1,1,69,945,8.7693
1.0,25,8,1,2,69,945,8.4983
1.0,25,8,1,3,69,945,7.886
1.0,25,8,1,4,69,945,8.3675
1.0,25,8,1,5,69,945,8.8675
1.0,25,8,1,6,69,945,7.8794
1.0,25,8,1,7,69,945,7.6627
1.0,25,8,2,0,69,945,7.9108
1.0,25,8,2,1,69,945,7.9156
1.0,25,8,2,2,69,945,8.7397
1.0,25,8,2,3,69,945,8.0416
1.0,25,8,2,4,69,945,7.6159
1.0,25,8,2,5,69,945,8.4015
1.0,25,8,2,6,69,945,7.9882
1.0,25,8,2,7,69,945,7.855
1.0,25,8,3,0,69,945,7.8137
1.0,25,8,3,1,69,945,7.8301
1.0,25,8,3,2,69,945,8.2052
1.0,25,8,3,3,69,945,7.8766
1.0,25,8,3,4,69,945,7.4952
1.0,25,8,3,5,69,945,8.0603
1.0,25,8,3,6,69,945,7.9662
1.0,25,8,3,7,69,945,7.5278
1.0,25,8,4,0,69,945,7.7183
1.0,25,8,4,1,69,945,8.3959
1.0,25,8,4,2,69,945,8.4051
1.0,25,8,4,3,69,945,8.8009
1.0,25,8,4,4,69,945,7.3633
1.0,25,8,4,5,69,945,8.9287
1.0,25,8,4,6,69,945,7.8607
1.0,25,8,4,7,69,945,8.1532
1.0,25,8,5,0,69,945,7.9032
1.0,25,8,5,1,69,945,7.8439
1.0,25,8,5,2,69,945,7.7413
1.0,25,8,5,3,69,945,9.5397
1.0,25,8,5,4,69,945,8.5605
1.0,25,8,5,5,69,945,8.5027
1.0,25,8,5,6,69,945,7.781
1.0,25,8,5,7,69,945,7.9058
1.0,25,8,6,0,69,945,7.701
1.0,25,8,6,1,69,945,7.936
1.0,25,8,6,2,69,945,8.0537
1.0,25,8,6,3,69,945,8.0907
1.0,25,8,6,4,69,945,7.9354
1.0,25,8,6,5,69,945,7.6287
1.0,25,8,6,6,69,945,7.8778
1.0,25,8,6,7,69,945,7.7776
1.0,25,8,7,0,69,945,7.7532
1.0,25,8,7,1,69,945,7.9269
1.0,25,8,7,2,69,945,8.137
1.0,25,8,7,3,69,945,8.0109
1.0,25,8,7,4,69,945,7.923
1.0,25,8,7,5,69,945,7.5458
1.0,25,8,7,6,69,945,8.0955
1.0,25,8,7,7,69,945,7.4761
1.0,25,8,8,0,69,945,7.6209
1.0,25,8,8,1,69,945,7.8703
1.0,25,8,8,2,69,945,8.2561
1.0,25,8,8,3,69,945,8.1723
1.0,25,8,8,4,69,945,8.1824
1.0,25,8,8,5,69,945,7.6702
1.0,25,8,8,6,69,945,8.0088
1.0,25,8,8,7,69,945,7.7867
1.0,25,8,9,0,69,945,7.6583
1.0,25,8,9,1,69,945,8.0231
1.0,25,8,9,2,69,945,7.7906
1.0,25,8,9,3,69,945,7.7733
1.0,25,8,9,4,69,945,8.3311
1.0,25,8,9,5,69,945,7.5931
1.0,25,8,9,6,69,945,7.7846
1.0,25,8,9,7,69,945,7.5784
1.0,30,10,0,0,64,847,7.5542
1.0,30,10,0,1,64,847,8.0861
1.0,30,10,0,2,64,847,8.4608
1.0,30,10,0,3,64,847,7.4383
1.0,30,10,0,4,64,847,7.609
1.0,30,10,0,5,64,847,8.0709
1.0,30,10,0,6,64,847,7.3507
1.0,30,10,0,7,64,847,7.0992
1.0,30,10,0,8,64,847,7.0529
1.0,30,10,0,9,64,847,7.4677
1.0,30,10,1,0,64,847,7.8642
1.0,30,10,1,1,64,847,6.9946
1.0,30,10,1,2,64,847,7.942
1.0,30,10,1,3,64,847,7.131
1.0,30,10,1,4,64,847,7.2077
1.0,30,10,1,5,64,847,7.534
1.0,30,10,1,6,64,847,7.6595
1.0,30,10,1,7,64,847,7.862
1.0,30,10,1,8,64,847,7.2684
1.0,30,10,1,9,64,847,7.2691
1.0,30,10,2,0,64,847,7.7277
1.0,30,10,2,1,64,847,5.8634
1.0,30,10,2,2,64,847,6.6442
1.0,30,10,2,3,64,847,7.6262
1.0,30,10,2,4,64,847,7.4755
1.0,30,10,2,5,64,847,7.6528
1.0,30,10,2,6,64,847,7.5507
1.0,30,10,2,7,64,847,7.4586
1.0,30,10,2,8,64,847,7.1497
1.0,30,10,2,9,64,847,7.5076
1.0,30,10,3,0,64,847,7.8205
1.0,30,10,3,1,64,847,5.8171
1.0,30,10,3,2,64,847,7.7749
1.0,30,10,3,3,64,847,7.1666
1.0,30,10,3,4,64,847,8.4122
1.0,30,10,3,5,64,847,7.5909
1.0,30,10,3,6,64,847,7.331
1.0,30,10,3,7,64,847,7.1966
1.0,30,10,3,8,64,847,8.2726
1.0,30,10,3,9,64,847,7.552
1.0,30,10,4,0,64,847,7.8264
1.0,30,10,4,1,64,847,6.4253
1.0,30,10,4,2,64,847,7.0064
1.0,30,10,4,3,64,847,7.7983
1.0,30,10,4,4,64,847,7.2914
1.0,30,10,4,5,64,847,7.4367
1.0,30,10,4,6,64,847,7.5574
1.0,30,10,4,7,64,847,7.523
1.0,30,10,4,8,64,847,7.3375
1.0,30,10,4,9,64,847,7.177
1.0,30,10,5,0,64,847,7.7586
1.0,30,10,5,1,64,847,6.6815
1.0,30,10,5,2,64,847,6.1014
1.0,30,10,5,3,64,847,7.2307
1.0,30,10,5,4,64,847,7.3364
1.0,30,10,5,5,64,847,7.2774
1.0,30,10,5,6,64,847,7.9864
1.0,30,10,5,7,64,847,7.5411
1.0,30,10,5,8,64,847,7.5642
1.0,30,10,5,9,64,847,7.2718
1.0,30,10,6,0,64,847,7.6977
1.0,30,10,6,1,64,847,5.9375
1.0,30,10,6,2,64,847,7.8108
1.0,30,10,6,3,64,847,7.5543
1.0,30,10,6,4,64,847,7.912
1.0,30,10,6,5,64,847,7.3514
1.0,30,10,6,6,64,847,8.8742
1.0,30,10,6,7,64,847,8.0508
1.0,30,10,6,8,64,847,7.3414
1.0,30,10,6,9,64,847,8.1673
1.0,30,10,7,0,64,847,7.6387
1.0,30,10,7,1,64,847,5.85
1.0,30,10,7,2,64,847,7.3734
1.0,30,10,7,3,64,847,7.6344
1.0,30,10,7,4,64,847,7.8947
1.0,30,10,7,5,64,847,7.4106
1.0,30,10,7,6,64,847,7.9765
1.0,30,10,7,7,64,847,7.3981
1.0,30,10,7,8,64,847,7.388
1.0,30,10,7,9,64,847,7.9795
1.0,30,10,8,0,64,847,7.6988
1.0,30,10,8,1,64,847,5.7705
1.0,30,10,8,2,64,847,8.6512
1.0,30,10,8,3,64,847,7.5183
1.0,30,10,8,4,64,847,7.2667
1.0,30,10,8,5,64,847,7.5051
1.0,30,10,8,6,64,847,7.6297
1.0,30,10,8,7,64,847,7.2712
1.0,30,10,8,8,64,847,7.9623
1.0,30,10,8,9,64,847,7.6323
1.0,30,10,9,0,64,847,126.1942
1.0,30,10,9,1,64,847,5.7658
1.0,30,10,9,2,64,847,7.8426
1.0,30,10,9,3,64,847,7.3793
1.0,30,10,9,4,64,847,7.5582
1.0,30,10,9,5,64,847,7.5095
1.0,30,10,9,6,64,847,7.4845
1.0,30,10,9,7,64,847,7.4251
1.0,30,10,9,8,64,847,9.7115
1.0,30,10,9,9,64,847,7.3554
1.0,30,8,0,0,79,1340,11.3894
1.0,30,8,0,1,79,1340,10.6597
1.0,30,8,0,2,79,1340,10.8697
1.0,30,8,0,3,79,1340,10.3706
1.0,30,8,0,4,79,1340,10.8614
1.0,30,8,0,5,79,1340,11.052
1.0,30,8,0,6,79,1340,10.055
1.0,30,8,0,7,79,1340,10.8431
1.0,30,8,1,0,79,1340,11.0288
1.0,30,8,1,1,79,1340,12.093
1.0,30,8,1,2,79,1340,10.9685
1.0,30,8,1,3,79,1340,10.4098
1.0,30,8,1,4,79,1340,10.0415
1.0,30,8,1,5,79,1340,9.7725
1.0,30,8,1,6,79,1340,10.7071
1.0,30,8,1,7,79,1340,10.9816
1.0,30,8,2,0,79,1340,11.1446
1.0,30,8,2,1,79,1340,11.0314
1.0,30,8,2,2,79,1340,10.8794
1.0,30,8,2,3,79,1340,10.6561
1.0,30,8,2,4,79,1340,10.2194
1.0,30,8,2,5,79,1340,11.0434
1.0,30,8,2,6,79,1340,10.9661
1.0,30,8,2,7,79,1340,10.0539
1.0,30,8,3,0,79,1340,10.9809
1.0,30,8,3,1,79,1340,10.3438
1.0,30,8,3,2,79,1340,12.7817
1.0,30,8,3,3,79,1340,10.991
1.0,30,8,3,4,79,1340,11.21
1.0,30,8,3,5,79,1340,11.6736
1.0,30,8,3,6,79,1340,10.969
1.0,30,8,3,7,79,1340,11.0941
1.0,30,8,4,0,79,1340,11.169
1.0,30,8,4,1,79,1340,11.4358
1.0,30,8,4,2,79,1340,10.6428
1.0,30,8,4,3,79,1340,12.235
1.0,30,8,4,4,79,1340,10.3024
1.0,30,8,4,5,79,1340,10.612
1.0,30,8,4,6,79,1340,10.7599
1.0,30,8,4,7,79,1340,10.7939
1.0,30,8,5,0,79,1340,11.1251
1.0,30,8,5,1,79,1340,10.8385
1.0,30,8,5,2,79,1340,11.2789
1.0,30,8,5,3,79,1340,10.792
1.0,30,8,5,4,79,1340,11.5123
1.0,30,8,5,5,79,1340,9.6084
1.0,30,8,5,6,79,1340,9.7251
1.0,30,8,5,7,79,1340,10.2977
1.0,30,8,6,0,79,1340,11.0956
1.0,30,8,6,1,79,1340,11.006
1.0,30,8,6,2,79,1340,16.3153
1.0,30,8,6,3,79,1340,12.2697
1.0,30,8,6,4,79,1340,10.2862
1.0,30,8,6,5,79,1340,10.7608
1.0,30,8,6,6,79,1340,10.1821
1.0,30,8,6,7,79,1340,10.9062
1.0,30,8,7,0,79,1340,11.1912
1.0,30,8,7,1,79,1340,11.6866
1.0,30,8,7,2,79,1340,10.4512
1.0,30,8,7,3,79,1340,10.457
1.0,30,8,7,4,79,1340,10.7578
1.0,30,8,7,5,79,1340,10.613
1.0,30,8,7,6,79,1340,10.2441
1.0,30,8,7,7,79,1340,10.181
1.0,30,8,8,0,79,1340,11.0606
1.0,30,8,8,1,79,1340,11.5738
1.0,30,8,8,2,79,1340,10.8193
1.0,30,8,8,3,79,1340,10.5975
1.0,30,8,8,4,79,1340,10.1559
1.0,30,8,8,5,79,1340,11.6535
1.0,30,8,8,6,79,1340,10.4729
1.0,30,8,8,7,79,1340,10.2029
1.0,30,8,9,0,79,1340,10.968
1.0,30,8,9,1,79,1340,11.5883
1.0,30,8,9,2,79,1340,11.2927
1.0,30,8,9,3,79,1340,10.4551
1.0,30,8,9,4,79,1340,10.4582
1.0,30,8,9,5,79,1340,10.2702
1.0,30,8,9,6,79,1340,10.4105
1.0,30,8,9,7,79,1340,9.7496
1.0,40,10,0,0,68,1336,10.1838
1.0,40,10,0,1,68,1336,12.8375
1.0,40,10,0,2,68,1336,14.6035
1.0,40,10,0,3,68,1336,9.9016
1.0,40,10,0,4,68,1336,8.9649
1.0,40,10,0,5,68,1336,12.2503
1.0,40,10,0,6,68,1336,10.1224
1.0,40,10,0,7,68,1336,10.8255
1.0,40,10,0,8,68,1336,11.6266
1.0,40,10,0,9,68,1336,13.6605
1.0,40,10,1,0,68,1336,10.2874
1.0,40,10,1,1,68,1336,13.1272
1.0,40,10,1,2,68,1336,14.5279
1.0,40,10,1,3,68,1336,9.122
1.0,40,10,1,4,68,1336,8.2796
1.0,40,10,1,5,68,1336,12.2399
1.0,40,10,1,6,68,1336,11.5124
1.0,40,10,1,7,68,1336,10.9664
1.0,40,10,1,8,68,1336,11.1241
1.0,40,10,1,9,68,1336,8.1187
1.0,40,10,2,0,68,1336,10.1419
1.0,40,10,2,1,68,1336,11.7124
1.0,40,10,2,2,68,1336,13.8944
1.0,40,10,2,3,68,1336,12.4759
1.0,40,10,2,4,68,1336,10.3059
1.0,40,10,2,5,68,1336,12.2766
1.0,40,10,2,6,68,1336,10.9041
1.0,40,10,2,7,68,1336,12.003
1.0,40,10,2,8,68,1336,10.6309
1.0,40,10,2,9,68,1336,13.4045
1.0,40,10,3,0,68,1336,10.0231
1.0,40,10,3,1,68,1336,11.5647
1.0,40,10,3,2,68,1336,14.352
1.0,40,10,3,3,68,1336,11.1679
1.0,40,10,3,4,68,1336,11.0336
1.0,40,10,3,5,68,1336,9.8745
1.0,40,10,3,6,68,1336,13.8509
1.0,40,10,3,7,68,1336,11.004
1.0,40,10,3,8,68,1336,9.2917
1.0,40,10,3,9,68,1336,12.5504
1.0,40,10,4,0,68,1336,10.2117
1.0,40,10,4,1,68,1336,13.1547
1.0,40,10,4,2,68,1336,11.7571
1.0,40,10,4,3,68,1336,12.0077
1.0,40,10,4,4,68,1336,7.6027
1.0,40,10,4,5,68,1336,9.6946
1.0,40,10,4,6,68,1336,12.0731
1.0,40,10,4,7,68,1336,11.293
1.0,40,10,4,8,68,1336,10.9745
1.0,40,10,4,9,68,1336,12.8981
1.0,40,10,5,0,68,1336,12.6004
1.0,40,10,5,1,68,1336,11.0053
1.0,40,10,5,2,68,1336,11.5666
1.0,40,10,5,3,68,1336,12.9285
1.0,40,10,5,4,68,1336,8.9013
1.0,40,10,5,5,68,1336,11.0902
1.0,40,10,5,6,68,1336,11.4577
1.0,40,10,5,7,68,1336,10.4831
1.0,40,10,5,8,68,1336,11.7349
1.0,40,10,5,9,68,1336,13.6643
1.0,40,10,6,0,68,1336,10.0677
1.0,40,10,6,1,68,1336,11.6532
1.0,40,10,6,2,68,1336,13.6431
1.0,40,10,6,3,68,1336,8.2141
1.0,40,10,6,4,68,1336,8.5942
1.0,40,10,6,5,68,1336,9.337
1.0,40,10,6,6,68,1336,12.0616
1.0,40,10,6,7,68,1336,10.4901
1.0,40,10,6,8,68,1336,11.0397
1.0,40,10,6,9,68,1336,13.4791
1.0,40,10,7,0,68,1336,10.0351
1.0,40,10,7,1,68,1336,10.9265
1.0,40,10,7,2,68,1336,13.6792
1.0,40,10,7,3,68,1336,9.6366
1.0,40,10,7,4,68,1336,9.8568
1.0,40,10,7,5,68,1336,9.9086
1.0,40,10,7,6,68,1336,10.9674
1.0,40,10,7,7,68,1336,11.0397
1.0,40,10,7,8,68,1336,11.6031
1.0,40,10,7,9,68,1336,12.7063
1.0,40,10,8,0,68,1336,10.1931
1.0,40,10,8,1,68,1336,12.6308
1.0,40,10,8,2,68,1336,8.8237
1.0,40,10,8,3,68,1336,9.241
1.0,40,10,8,4,68,1336,10.2016
1.0,40,10,8,5,68,1336,10.6417
1.0,40,10,8,6,68,1336,9.7596
1.0,40,10,8,7,68,1336,13.7361
1.0,40,10,8,8,68,1336,8.8447
1.0,40,10,8,9,68,1336,10.0199
1.0,40,10,9,0,68,1336,9.8501
1.0,40,10,9,1,68,1336,12.7918
1.0,40,10,9,2,68,1336,14.2133
1.0,40,10,9,3,68,1336,13.8894
1.0,40,10,9,4,68,1336,9.3105
1.0,40,10,9,5,68,1336,9.2755
1.0,40,10,9,6,68,1336,11.2526
1.0,40,10,9,7,68,1336,12.8403
1.0,40,10,9,8,68,1336,10.8313
1.0,40,10,9,9,68,1336,9.0264
1.0,40,8,0,0,47,913,5.3523
1.0,40,8,0,1,47,913,6.8114
1.0,40,8,0,2,47,913,5.6245
1.0,40,8,0,3,47,913,5.9163
1.0,40,8,0,4,47,913,8.8339
1.0,40,8,0,5,47,913,5.6766
1.0,40,8,0,6,47,913,9.3958
1.0,40,8,0,7,47,913,6.0958
1.0,40,8,1,0,47,913,5.8745
1.0,40,8,1,1,47,913,6.8547
1.0,40,8,1,2,47,913,5.8154
1.0,40,8,1,3,47,913,5.57
1.0,40,8,1,4,47,913,6.7948
1.0,40,8,1,5,47,913,6.1367
1.0,40,8,1,6,47,913,6.58
1.0,40,8,1,7,47,913,6.3981
1.0,40,8,2,0,47,913,5.3484
1.0,40,8,2,1,47,913,6.864
1.0,40,8,2,2,47,913,5.8982
1.0,40,8,2,3,47,913,5.6379
1.0,40,8,2,4,47,913,10.1508
1.0,40,8,2,5,47,913,5.7113
1.0,40,8,2,6,47,913,5.7513
1.0,40,8,2,7,47,913,7.2643
1.0,40,8,3,0,47,913,5.2657
1.0,40,8,3,1,47,913,7.1428
1.0,40,8,3,2,47,913,5.8737
1.0,40,8,3,3,47,913,5.5197
1.0,40,8,3,4,47,913,7.9884
1.0,40,8,3,5,47,913,5.672
1.0,40,8,3,6,47,913,5.8724
1.0,40,8,3,7,47,913,10.3569
1.0,40,8,4,0,47,913,5.4927
1.0,40,8,4,1,47,913,7.0799
1.0,40,8,4,2,47,913,5.8461
1.0,40,8,4,3,47,913,5.7962
1.0,40,8,4,4,47,913,6.6943
1.0,40,8,4,5,47,913,5.8962
1.0,40,8,4,6,47,913,5.8819
1.0,40,8,4,7,47,913,7.1567
1.0,40,8,5,0,47,913,5.319
1.0,40,8,5,1,47,913,6.6888
1.0,40,8,5,2,47,913,6.2156
1.0,40,8,5,3,47,913,5.4878
1.0,40,8,5,4,47,913,6.9696
1.0,40,8,5,5,47,913,5.641
1.0,40,8,5,6,47,913,5.8057
1.0,40,8,5,7,47,913,6.1149
1.0,40,8,6,0,47,913,5.4377
1.0,40,8,6,1,47,913,7.0994
1.0,40,8,6,2,47,913,5.7818
1.0,40,8,6,3,47,913,5.598
1.0,40,8,6,4,47,913,14.6226
1.0,40,8,6,5,47,913,5.6978
1.0,40,8,6,6,47,913,8.2796
1.0,40,8,6,7,47,913,7.7062
1.0,40,8,7,0,47,913,5.4474
1.0,40,8,7,1,47,913,7.1087
1.0,40,8,7,2,47,913,5.8023
1.0,40,8,7,3,47,913,5.6728
1.0,40,8,7,4,47,913,6.5703
1.0,40,8,7,5,47,913,6.0728
1.0,40,8,7,6,47,913,5.8063
1.0,40,8,7,7,47,913,7.8687
1.0,40,8,8,0,47,913,5.2369
1.0,40,8,8,1,47,913,6.5577
1.0,40,8,8,2,47,913,5.7291
1.0,40,8,8,3,47,913,5.5124
1.0,40,8,8,4,47,913,6.3974
1.0,40,8,8,5,47,913,5.4663
1.0,40,8,8,6,47,913,5.8106
1.0,40,8,8,7,47,913,7.0309
1.0,40,8,9,0,47,913,5.2983
1.0,40,8,9,1,47,913,6.6727
1.0,40,8,9,2,47,913,5.7255
1.0,40,8,9,3,47,913,5.6275
1.0,40,8,9,4,47,913,6.4579
1.0,40,8,9,5,47,913,5.6129
1.0,40,8,9,6,47,913,5.7545
1.0,40,8,9,7,47,913,6.1858
1.5,25,10,0,0,55,727,7.063
1.5,25,10,0,1,55,727,6.3301
1.5,25,10,0,2,55,727,7.2037
1.5,25,10,0,3,55,727,6.4035
1.5,25,10,0,4,55,727,6.1187
1.5,25,10,0,5,55,727,6.0427
1.5,25,10,0,6,55,727,8.011
1.5,25,10,0,7,55,727,5.9163
1.5,25,10,0,8,55,727,6.4963
1.5,25,10,0,9,55,727,6.1065
1.5,25,10,1,0,55,727,6.8755
1.5,25,10,1,1,55,727,6.8253
1.5,25,10,1,2,55,727,5.9892
1.5,25,10,1,3,55,727,6.595
1.5,25,10,1,4,55,727,7.5536
1.5,25,10,1,5,55,727,5.4736
1.5,25,10,1,6,55,727,6.0906
1.5,25,10,1,7,55,727,6.3164
1.5,25,10,1,8,55,727,6.0429
1.5,25,10,1,9,55,727,7.6883
1.5,25,10,2,0,55,727,7.048
1.5,25,10,2,1,55,727,8.2012
1.5,25,10,2,2,55,727,6.1708
1.5,25,10,2,3,55,727,6.3655
1.5,25,10,2,4,55,727,8.2121
1.5,25,10,2,5,55,727,6.5216
1.5,25,10,2,6,55,727,5.912
1.5,25,10,2,7,55,727,5.9235
1.5,25,10,2,8,55,727,6.4825
1.5,25,10,2,9,55,727,6.2916
1.5,25,10,3,0,55,727,6.8548
1.5,25,10,3,1,55,727,6.4623
1.5,25,10,3,2,55,727,5.8869
1.5,25,10,3,3,55,727,6.3566
1.5,25,10,3,4,55,727,7.7817
1.5,25,10,3,5,55,727,6.0785
1.5,25,10,3,6,55,727,6.8342
1.5,25,10,3,7,55,727,6.4758
1.5,25,10,3,8,55,727,6.7265
1.5,25,10,3,9,55,727,6.6187
1.5,25,10,4,0,55,727,6.8992
1.5,25,10,4,1,55,727,6.8944
1.5,25,10,4,2,55,727,7.0742
1.5,25,10,4,3,55,727,6.4979
1.5,25,10,4,4,55,727,7.7777
1.5,25,10,4,5,55,727,5.9438
1.5,25,10,4,6,55,727,7.6502
1.5,25,10,4,7,55,727,5.9612
1.5,25,10,4,8,55,727,6.2183
1.5,25,10,4,9,55,727,6.4438
1.5,25,10,5,0,55,727,6.8009
1.5,25,10,5,1,55,727,6.7529
1.5,25,10,5,2,55,727,6.7549
1.5,25,10,5,3,55,727,6.661
1.5,25,10,5,4,55,727,6.3872
1.5,25,10,5,5,55,727,6.1308
1.5,25,10,5,6,55,727,6.086
1.5,25,10,5,7,55,727,5.9593
1.5,25,10,5,8,55,727,6.5365
1.5,25,10,5,9,55,727,6.4613
1.5,25,10,6,0,55,727,6.8445
1.5,25,10,6,1,55,727,6.7307
1.5,25,10,6,2,55,727,6.8567
1.5,25,10,6,3,55,727,8.6653
1.5,25,10,6,4,55,727,6.726
1.5,25,10,6,5,55,727,6.174
1.5,25,10,6,6,55,727,6.2328
1.5,25,10,6,7,55,727,5.9217
1.5,25,10,6,8,55,727,6.4825
1.5,25,10,6,9,55,727,105.6638
1.5,25,10,7,0,55,727,6.8496
1.5,25,10,7,1,55,727,8.5099
1.5,25,10,7,2,55,727,6.0378
1.5,25,10,7,3,55,727,6.1099
1.5,25,10,7,4,55,727,7.9739
1.5,25,10,7,5,55,727,5.633
1.5,25,10,7,6,55,727,6.3047
1.5,25,10,7,7,55,727,6.4891
1.5,25,10,7,8,55,727,6.1805
1.5,25,10,7,9,55,727,6.3896
1.5,25,10,8,0,55,727,6.9802
1.5,25,10,8,1,55,727,6.4709
1.5,25,10,8,2,55,727,6.2184
1.5,25,10,8,3,55,727,8.0378
1.5,25,10,8,4,55,727,6.0424
1.5,25,10,8,5,55,727,6.6367
1.5,25,10,8,6,55,727,7.7318
1.5,25,10,8,7,55,727,7.0965
1.5,25,10,8,8,55,727,6.66
1.5,25,10,8,9,55,727,6.3613
1.5,25,10,9,0,55,727,6.8273
1.5,25,10,9,1,55,727,6.3793
1.5,25,10,9,2,55,727,7.2798
1.5,25,10,9,3,55,727,6.6598
1.5,25,10,9,4,55,727,8.035
1.5,25,10,9,5,55,727,6.3445
1.5,25,10,9,6,55,727,5.9321
1.5,25,10,9,7,55,727,6.2354
1.5,25,10,9,8,55,727,6.3495
1.5,25,10,9,9,55,727,6.6389
1.5,25,8,0,0,103,1516,12.9643
1.5,25,8,0,1,103,1516,14.6481
1.5,25,8,0,2,103,1516,13.0432
1.5,25,8,0,3,103,1516,12.8694
1.5,25,8,0,4,103,1516,12.6605
1.5,25,8,0,5,103,1516,11.8495
1.5,25,8,0,6,103,1516,12.0514
1.5,25,8,0,7,103,1516,13.4637
1.5,25,8,1,0,103,1516,12.7833
1.5,25,8,1,1,103,1516,12.5469
1.5,25,8,1,2,103,1516,11.9226
1.5,25,8,1,3,103,1516,11.8557
1.5,25,8,1,4,103,1516,13.2859
1.5,25,8,1,5,103,1516,11.4711
1.5,25,8,1,6,103,1516,12.3072
1.5,25,8,1,7,103,1516,12.3451
1.5,25,8,2,0,103,1516,12.4727
1.5,25,8,2,1,103,1516,13.2049
1.5,25,8,2,2,103,1516,11.8284
1.5,25,8,2,3,103,1516,12.1722
1.5,25,8,2,4,103,1516,11.5438
1.5,25,8,2,5,103,1516,12.1501
1.5,25,8,2,6,103,1516,12.3404
1.5,25,8,2,7,103,1516,12.2571
1.5,25,8,3,0,103,1516,12.5981
1.5,25,8,3,1,103,1516,12.4063
1.5,25,8,3,2,103,1516,12.7247
1.5,25,8,3,3,103,1516,12.3976
1.5,25,8,3,4,103,1516,12.798
1.5,25,8,3,5,103,1516,12.3526
1.5,25,8,3,6,103,1516,12.462
1.5,25,8,3,7,103,1516,14.7261
1.5,25,8,4,0,103,1516,12.4776
1.5,25,8,4,1,103,1516,12.6365
1.5,25,8,4,2,103,1516,12.5302
1.5,25,8,4,3,103,1516,11.7257
1.5,25,8,4,4,103,1516,12.1534
1.5,25,8,4,5,103,1516,12.1952
1.5,25,8,4,6,103,1516,12.5752
1.5,25,8,4,7,103,1516,12.1195
1.5,25,8,5,0,103,1516,12.5107
1.5,25,8,5,1,103,1516,12.3152
1.5,25,8,5,2,103,1516,11.9357
1.5,25,8,5,3,103,1516,12.069
1.5,25,8,5,4,103,1516,11.9256
1.5,25,8,5,5,103,1516,11.7334
1.5,25,8,5,6,103,1516,12.4557
1.5,25,8,5,7,103,1516,12.9467
1.5,25,8,6,0,103,1516,12.6297
1.5,25,8,6,1,103,1516,12.5227
1.5,25,8,6,2,103,1516,14.0764
1.5,25,8,6,3,103,1516,11.2616
1.5,25,8,6,4,103,1516,12.7448
1.5,25,8,6,5,103,1516,12.0252
1.5,25,8,6,6,103,1516,11.869
1.5,25,8,6,7,103,1516,11.6919
1.5,25,8,7,0,103,1516,12.6092
1.5,25,8,7,1,103,1516,12.4732
1.5,25,8,7,2,103,1516,12.4192
1.5,25,8,7,3,103,1516,11.5622
1.5,25,8,7,4,103,1516,12.0731
1.5,25,8,7,5,103,1516,14.3778
1.5,25,8,7,6,103,1516,12.0931
1.5,25,8,7,7,103,1516,12.1443
1.5,25,8,8,0,103,1516,12.3176
1.5,25,8,8,1,103,1516,12.4427
1.5,25,8,8,2,103,1516,12.2254
1.5,25,8,8,3,103,1516,11.1778
1.5,25,8,8,4,103,1516,11.9864
1.5,25,8,8,5,103,1516,11.6653
1.5,25,8,8,6,103,1516,11.8439
1.5,25,8,8,7,103,1516,12.0894
1.5,25,8,9,0,103,1516,12.6831
1.5,25,8,9,1,103,1516,12.6118
1.5,25,8,9,2,103,1516,12.3617
1.5,25,8,9,3,103,1516,11.8802
1.5,25,8,9,4,103,1516,12.5405
1.5,25,8,9,5,103,1516,12.0045
1.5,25,8,9,6,103,1516,11.7765
1.5,25,8,9,7,103,1516,12.3644
1.5,30,10,0,0,40,639,5.9767
1.5,30,10,0,1,40,639,6.0377
1.5,30,10,0,2,40,639,4.6109
1.5,30,10,0,3,40,639,6.2913
1.5,30,10,0,4,40,639,4.787
1.5,30,10,0,5,40,639,4.4778
1.5,30,10,0,6,40,639,4.1658
1.5,30,10,0,7,40,639,4.62
1.5,30,10,0,8,40,639,4.157
1.5,30,10,0,9,40,639,4.6957
1.5,30,10,1,0,40,639,5.7494
1.5,30,10,1,1,40,639,6.4376
1.5,30,10,1,2,40,639,4.8594
1.5,30,10,1,3,40,639,5.5654
1.5,30,10,1,4,40,639,4.9483
1.5,30,10,1,5,40,639,4.0447
1.5,30,10,1,6,40,639,6.0048
1.5,30,10,1,7,40,639,5.6143
1.5,30,10,1,8,40,639,5.1029
1.5,30,10,1,9,40,639,5.1697
1.5,30,10,2,0,40,639,5.793
1.5,30,10,2,1,40,639,6.4715
1.5,30,10,2,2,40,639,4.7137
1.5,30,10,2,3,40,639,6.4657
1.5,30,10,2,4,40,639,4.0868
1.5,30,10,2,5,40,639,3.9973
1.5,30,10,2,6,40,639,4.3775
1.5,30,10,2,7,40,639,5.9262
1.5,30,10,2,8,40,639,4.2473
1.5,30,10,2,9,40,639,4.7567
1.5,30,10,3,0,40,639,5.8939
1.5,30,10,3,1,40,639,5.8718
1.5,30,10,3,2,40,639,4.2754
1.5,30,10,3,3,40,639,6.411
1.5,30,10,3,4,40,639,4.5999
1.5,30,10,3,5,40,639,4.6652
1.5,30,10,3,6,40,639,4.9899
1.5,30,10,3,7,40,639,4.7988
1.5,30,10,3,8,40,639,5.4875
1.5,30,10,3,9,40,639,5.2297
1.5,30,10,4,0,40,639,5.7972
1.5,30,10,4,1,40,639,6.4939
1.5,30,10,4,2,40,639,5.668
1.5,30,10,4,3,40,639,5.8688
1.5,30,10,4,4,40,639,5.4909
1.5,30,10,4,5,40,639,4.487
1.5,30,10,4,6,40,639,4.354
1.5,30,10,4,7,40,639,4.6981
1.5,30,10,4,8,40,639,4.1948
1.5,30,10,4,9,40,639,5.3492
1.5,30,10,5,0,40,639,5.8693
1.5,30,10,5,1,40,639,6.3686
1.5,30,10,5,2,40,639,4.1817
1.5,30,10,5,3,40,639,6.2107
1.5,30,10,5,4,40,639,5.4139
1.5,30,10,5,5,40,639,3.9719
1.5,30,10,5,6,40,639,4.6058
1.5,30,10,5,7,40,639,5.3834
1.5,30,10,5,8,40,639,5.3289
1.5,30,10,5,9,40,639,4.8353
1.5,30,10,6,0,40,639,5.7911
1.5,30,10,6,1,40,639,5.7188
1.5,30,10,6,2,40,639,4.8126
1.5,30,10,6,3,40,639,6.2759
1.5,30,10,6,4,40,639,4.6389
1.5,30,10,6,5,40,639,4.0787
1.5,30,10,6,6,40,639,5.3784
1.5,30,10,6,7,40,639,5.9349
1.5,30,10,6,8,40,639,5.0273
1.5,30,10,6,9,40,639,5.8994
1.5,30,10,7,0,40,639,5.8695
1.5,30,10,7,1,40,639,5.6289
1.5,30,10,7,2,40,639,4.6949
1.5,30,10,7,3,40,639,6.2906
1.5,30,10,7,4,40,639,6.2134
1.5,30,10,7,5,40,639,133.8951
1.5,30,10,7,6,40,639,5.1403
1.5,30,10,7,7,40,639,5.9959
1.5,30,10,7,8,40,639,4.3138
1.5,30,10,7,9,40,639,4.4518
1.5,30,10,8,0,40,639,5.8683
1.5,30,10,8,1,40,639,6.3185
1.5,30,10,8,2,40,639,4.7822
1.5,30,10,8,3,40,639,6.6642
1.5,30,10,8,4,40,639,5.441
1.5,30,10,8,5,40,639,4.4285
1.5,30,10,8,6,40,639,3.9807
1.5,30,10,8,7,40,639,4.8186
1.5,30,10,8,8,40,639,4.0999
1.5,30,10,8,9,40,639,4.9185
1.5,30,10,9,0,40,639,5.7512
1.5,30,10,9,1,40,639,6.4837
1.5,30,10,9,2,40,639,4.3138
1.5,30,10,9,3,40,639,6.0872
1.5,30,10,9,4,40,639,4.1167
1.5,30,10,9,5,40,639,4.1079
1.5,30,10,9,6,40,639,4.5338
1.5,30,10,9,7,40,639,4.9857
1.5,30,10,9,8,40,639,4.1355
1.5,30,10,9,9,40,639,4.8947
1.5,30,8,0,0,72,1284,11.8411
1.5,30,8,0,1,72,1284,10.5118
1.5,30,8,0,2,72,1284,10.4519
1.5,30,8,0,3,72,1284,10.6381
1.5,30,8,0,4,72,1284,9.7074
1.5,30,8,0,5,72,1284,11.6035
1.5,30,8,0,6,72,1284,10.0028
1.5,30,8,0,7,72,1284,10.2567
1.5,30,8,1,0,72,1284,11.4869
1.5,30,8,1,1,72,1284,19.5159
1.5,30,8,1,2,72,1284,9.9182
1.5,30,8,1,3,72,1284,9.8744
1.5,30,8,1,4,72,1284,10.8152
1.5,30,8,1,5,72,1284,10.8006
1.5,30,8,1,6,72,1284,10.4747
1.5,30,8,1,7,72,1284,10.2288
1.5,30,8,2,0,72,1284,11.378
1.5,30,8,2,1,72,1284,11.0248
1.5,30,8,2,2,72,1284,12.1536
1.5,30,8,2,3,72,1284,9.262
1.5,30,8,2,4,72,1284,10.0829
1.5,30,8,2,5,72,1284,10.081
1.5,30,8,2,6,72,1284,10.3875
1.5,30,8,2,7,72,1284,10.1425
1.5,30,8,3,0,72,1284,11.2778
1.5,30,8,3,1,72,1284,11.1346
1.5,30,8,3,2,72,1284,10.8054
1.5,30,8,3,3,72,1284,10.5512
1.5,30,8,3,4,72,1284,10.4457
1.5,30,8,3,5,72,1284,10.7567
1.5,30,8,3,6,72,1284,118.225
1.5,30,8,3,7,72,1284,10.0237
1.5,30,8,4,0,72,1284,11.6534
1.5,30,8,4,1,72,1284,11.1662
1.5,30,8,4,2,72,1284,11.7445
1.5,30,8,4,3,72,1284,10.4545
1.5,30,8,4,4,72,1284,9.831
1.5,30,8,4,5,72,1284,10.332
1.5,30,8,4,6,72,1284,13.7327
1.5,30,8,4,7,72,1284,14.1825
1.5,30,8,5,0,72,1284,11.4065
1.5,30,8,5,1,72,1284,10.6358
1.5,30,8,5,2,72,1284,10.5341
1.5,30,8,5,3,72,1284,9.6862
1.5,30,8,5,4,72,1284,11.3939
1.5,30,8,5,5,72,1284,10.4095
1.5,30,8,5,6,72,1284,9.8102
1.5,30,8,5,7,72,1284,9.9542
1.5,30,8,6,0,72,1284,11.1882
1.5,30,8,6,1,72,1284,11.4349
1.5,30,8,6,2,72,1284,10.1374
1.5,30,8,6,3,72,1284,9.6727
1.5,30,8,6,4,72,1284,10.0775
1.5,30,8,6,5,72,1284,10.1574
1.5,30,8,6,6,72,1284,9.4296
1.5,30,8,6,7,72,1284,9.5986
1.5,30,8,7,0,72,1284,11.2284
1.5,30,8,7,1,72,1284,10.7981
1.5,30,8,7,2,72,1284,10.1599
1.5,30,8,7,3,72,1284,10.0399
1.5,30,8,7,4,72,1284,9.4782
1.5,30,8,7,5,72,1284,10.397
1.5,30,8,7,6,72,1284,12.565
1.5,30,8,7,7,72,1284,10.3543
1.5,30,8,8,0,72,1284,11.2172
1.5,30,8,8,1,72,1284,10.7557
1.5,30,8,8,2,72,1284,10.0565
1.5,30,8,8,3,72,1284,10.4904
1.5,30,8,8,4,72,1284,10.0391
1.5,30,8,8,5,72,1284,9.4508
1.5,30,8,8,6,72,1284,10.9525
1.5,30,8,8,7,72,1284,9.9651
1.5,30,8,9,0,72,1284,11.3134
1.5,30,8,9,1,72,1284,11.1338
1.5,30,8,9,2,72,1284,10.4431
1.5,30,8,9,3,72,1284,10.3312
1.5,30,8,9,4,72,1284,9.7946
1.5,30,8,9,5,72,1284,10.2587
1.5,30,8,9,6,72,1284,10.7072
1.5,30,8,9,7,72,1284,9.7272
1.5,40,10,0,0,68,1364,9.9108
1.5,40,10,0,1,68,1364,13.7454
1.5,40,10,0,2,68,1364,11.4137
1.5,40,10,0,3,68,1364,11.9768
1.5,40,10,0,4,68,1364,13.2447
1.5,40,10,0,5,68,1364,7.9121
1.5,40,10,0,6,68,1364,10.2596
1.5,40,10,0,7,68,1364,7.7671
1.5,40,10,0,8,68,1364,11.1733
1.5,40,10,0,9,68,1364,9.4338
1.5,40,10,1,0,68,1364,9.9006
1.5,40,10,1,1,68,1364,13.0908
1.5,40,10,1,2,68,1364,12.0158
1.5,40,10,1,3,68,1364,10.8755
1.5,40,10,1,4,68,1364,9.849
1.5,40,10,1,5,68,1364,9.916
1.5,40,10,1,6,68,1364,14.0641
1.5,40,10,1,7,68,1364,13.7037
1.5,40,10,1,8,68,1364,8.4541
1.5,40,10,1,9,68,1364,11.254
1.5,40,10,2,0,68,1364,9.9349
1.5,40,10,2,1,68,1364,13.7001
1.5,40,10,2,2,68,1364,11.1863
1.5,40,10,2,3,68,1364,10.0186
1.5,40,10,2,4,68,1364,8.2978
1.5,40,10,2,5,68,1364,8.0922
1.5,40,10,2,6,68,1364,8.2674
1.5,40,10,2,7,68,1364,10.8012
1.5,40,10,2,8,68,1364,12.9335
1.5,40,10,2,9,68,1364,10.6827
1.5,40,10,3,0,68,1364,10.0674
1.5,40,10,3,1,68,1364,13.3536
1.5,40,10,3,2,68,1364,12.0191
1.5,40,10,3,3,68,1364,12.4106
1.5,40,10,3,4,68,1364,8.6225
1.5,40,10,3,5,68,1364,7.8348
1.5,40,10,3,6,68,1364,11.0463
1.5,40,10,3,7,68,1364,7.9433
1.5,40,10,3,8,68,1364,10.9019
1.5,40,10,3,9,68,1364,11.0404
1.5,40,10,4,0,68,1364,9.8829
1.5,40,10,4,1,68,1364,12.192
1.5,40,10,4,2,68,1364,12.4757
1.5,40,10,4,3,68,1364,13.754
1.5,40,10,4,4,68,1364,7.9819
1.5,40,10,4,5,68,1364,7.727
1.5,40,10,4,6,68,1364,8.3982
1.5,40,10,4,7,68,1364,7.9002
1.5,40,10,4,8,68,1364,12.5731
1.5,40,10,4,9,68,1364,10.0113
1.5,40,10,5,0,68,1364,9.7355
1.5,40,10,5,1,68,1364,13.2688
1.5,40,10,5,2,68,1364,12.0735
1.5,40,10,5,3,68,1364,10.5804
1.5,40,10,5,4,68,1364,7.7066
1.5,40,10,5,5,68,1364,9.7317
1.5,40,10,5,6,68,1364,10.0575
1.5,40,10,5,7,68,1364,11.4539
1.5,40,10,5,8,68,1364,8.3283
1.5,40,10,5,9,68,1364,12.7847
1.5,40,10,6,0,68,1364,9.7728
1.5,40,10,6,1,68,1364,13.0151
1.5,40,10,6,2,68,1364,11.2949
1.5,40,10,6,3,68,1364,13.1051
1.5,40,10,6,4,68,1364,7.7685
1.5,40,10,6,5,68,1364,8.8799
1.5,40,10,6,6,68,1364,10.8848
1.5,40,10,6,7,68,1364,9.6019
1.5,40,10,6,8,68,1364,13.0578
1.5,40,10,6,9,68,1364,7.7734
1.5,40,10,7,0,68,1364,10.0869
1.5,40,10,7,1,68,1364,11.8898
1.5,40,10,7,2,68,1364,11.5312
1.5,40,10,7,3,68,1364,11.2129
1.5,40,10,7,4,68,1364,7.8179
1.5,40,10,7,5,68,1364,8.0088
1.5,40,10,7,6,68,1364,8.055
1.5,40,10,7,7,68,1364,12.4021
1.5,40,10,7,8,68,1364,10.1443
1.5,40,10,7,9,68,1364,7.6684
1.5,40,10,8,0,68,1364,10.1807
1.5,40,10,8,1,68,1364,12.5731
1.5,40,10,8,2,68,1364,12.6237
1.5,40,10,8,3,68,1364,11.1346
1.5,40,10,8,4,68,1364,8.0289
1.5,40,10,8,5,68,1364,138.1567
1.5,40,10,8,6,68,1364,7.7697
1.5,40,10,8,7,68,1364,12.3593
1.5,40,10,8,8,68,1364,10.6692
1.5,40,10,8,9,68,1364,12.9777
1.5,40,10,9,0,68,1364,9.9982
1.5,40,10,9,1,68,1364,11.6374
1.5,40,10,9,2,68,1364,10.9712
1.5,40,10,9,3,68,1364,12.8576
1.5,40,10,9,4,68,1364,7.7361
1.5,40,10,9,5,68,1364,9.894
1.5,40,10,9,6,68,1364,7.7305
1.5,40,10,9,7,68,1364,8.0715
1.5,40,10,9,8,68,1364,13.2971
1.5,40,10,9,9,68,1364,10.4277
1.5,40,8,0,0,49,843,6.3748
1.5,40,8,0,1,49,843,5.6435
1.5,40,8,0,2,49,843,5.6815
1.5,40,8,0,3,49,843,5.5866
1.5,40,8,0,4,49,843,5.7265
1.5,40,8,0,5,49,843,6.9221
1.5,40,8,0,6,49,843,6.2716
1.5,40,8,0,7,49,843,6.1276
1.5,40,8,1,0,49,843,6.2851
1.5,40,8,1,1,49,843,7.0361
1.5,40,8,1,2,49,843,6.0012
1.5,40,8,1,3,49,843,6.0273
1.5,40,8,1,4,49,843,5.3133
1.5,40,8,1,5,49,843,7.28
1.5,40,8,1,6,49,843,7.9623
1.5,40,8,1,7,49,843,6.1976
1.5,40,8,2,0,49,843,6.2777
1.5,40,8,2,1,49,843,7.2339
1.5,40,8,2,2,49,843,5.7892
1.5,40,8,2,3,49,843,5.4864
1.5,40,8,2,4,49,843,5.3474
1.5,40,8,2,5,49,843,7.2058
1.5,40,8,2,6,49,843,6.6898
1.5,40,8,2,7,49,843,5.988
1.5,40,8,3,0,49,843,6.4853
1.5,40,8,3,1,49,843,5.7325
1.5,40,8,3,2,49,843,5.5649
1.5,40,8,3,3,49,843,5.6728
1.5,40,8,3,4,49,843,5.3313
1.5,40,8,3,5,49,843,7.4489
1.5,40,8,3,6,49,843,7.1475
1.5,40,8,3,7,49,843,6.3227
1.5,40,8,4,0,49,843,6.3104
1.5,40,8,4,1,49,843,6.8416
1.5,40,8,4,2,49,843,5.7279
1.5,40,8,4,3,49,843,6.0053
1.5,40,8,4,4,49,843,5.8583
1.5,40,8,4,5,49,843,6.4509
1.5,40,8,4,6,49,843,10.4144
1.5,40,8,4,7,49,843,5.7642
1.5,40,8,5,0,49,843,6.4269
1.5,40,8,5,1,49,843,6.9945
1.5,40,8,5,2,49,843,5.7399
1.5,40,8,5,3,49,843,6.297
1.5,40,8,5,4,49,843,5.67
1.5,40,8,5,5,49,843,8.3705
1.5,40,8,5,6,49,843,6.8517
1.5,40,8,5,7,49,843,6.5965
1.5,40,8,6,0,49,843,6.385
1.5,40,8,6,1,49,843,5.9394
1.5,40,8,6,2,49,843,6.2584
1.5,40,8,6,3,49,843,6.0271
1.5,40,8,6,4,49,843,9.7313
1.5,40,8,6,5,49,843,7.1272
1.5,40,8,6,6,49,843,7.2081
1.5,40,8,6,7,49,843,5.8354
1.5,40,8,7,0,49,843,6.4923
1.5,40,8,7,1,49,843,5.6359
1.5,40,8,7,2,49,843,6.3258
1.5,40,8,7,3,49,843,6.0403
1.5,40,8,7,4,49,843,5.5491
1.5,40,8,7,5,49,843,8.1984
1.5,40,8,7,6,49,843,7.1428
1.5,40,8,7,7,49,843,6.4057
1.5,40,8,8,0,49,843,6.3909
1.5,40,8,8,1,49,843,5.891
1.5,40,8,8,2,49,843,5.9976
1.5,40,8,8,3,49,843,5.6267
1.5,40,8,8,4,49,843,5.4824
1.5,40,8,8,5,49,843,5.6316
1.5,40,8,8,6,49,843,5.7069
1.5,40,8,8,7,49,843,5.8944
1.5,40,8,9,0,49,843,12.1624
1.5,40,8,9,1,49,843,6.8301
1.5,40,8,9,2,49,843,5.9834
1.5,40,8,9,3,49,843,5.575
1.5,40,8,9,4,49,843,5.2911
1.5,40,8,9,5,49,843,7.3434
1.5,40,8,9,6,49,843,5.8287
1.5,40,8,9,7,49,843,7.7107
