method,DDT,M,S,run,seed,total_tardiness
DA3C,0.5,25,8,0,42,980872
DA3C,0.5,25,8,1,43,994021
DA3C,0.5,25,8,2,44,985336
EDD+SPT,0.5,25,8,0,42,1313335
EDD+SPT,0.5,25,8,1,43,1313335
EDD+SPT,0.5,25,8,2,44,1313335
URG+SPT,0.5,25,8,0,42,1305920
URG+SPT,0.5,25,8,1,43,1305920
URG+SPT,0.5,25,8,2,44,1305920
Random,0.5,25,8,0,42,1404687
Random,0.5,25,8,1,43,1404538
Random,0.5,25,8,2,44,1410257
DA3C,0.5,25,10,0,42,200241
DA3C,0.5,25,10,1,43,202744
DA3C,0.5,25,10,2,44,200388
EDD+SPT,0.5,25,10,0,42,305988
EDD+SPT,0.5,25,10,1,43,305988
EDD+SPT,0.5,25,10,2,44,305988
URG+SPT,0.5,25,10,0,42,295731
URG+SPT,0.5,25,10,1,43,295731
URG+SPT,0.5,25,10,2,44,295731
Random,0.5,25,10,0,42,337155
Random,0.5,25,10,1,43,334851
Random,0.5,25,10,2,44,336729
DA3C,0.5,30,8,0,42,40956
DA3C,0.5,30,8,1,43,42018
DA3C,0.5,30,8,2,44,42067
EDD+SPT,0.5,30,8,0,42,46768
EDD+SPT,0.5,30,8,1,43,46768
EDD+SPT,0.5,30,8,2,44,46768
URG+SPT,0.5,30,8,0,42,41226
URG+SPT,0.5,30,8,1,43,41226
URG+SPT,0.5,30,8,2,44,41226
Random,0.5,30,8,0,42,50384
Random,0.5,30,8,1,43,51113
Random,0.5,30,8,2,44,48213
DA3C,0.5,30,10,0,42,619096
DA3C,0.5,30,10,1,43,613814
DA3C,0.5,30,10,2,44,622630
EDD+SPT,0.5,30,10,0,42,950669
EDD+SPT,0.5,30,10,1,43,950669
EDD+SPT,0.5,30,10,2,44,950669
URG+SPT,0.5,30,10,0,42,954956
URG+SPT,0.5,30,10,1,43,954956
URG+SPT,0.5,30,10,2,44,954956
Random,0.5,30,10,0,42,1025059
Random,0.5,30,10,1,43,1020195
Random,0.5,30,10,2,44,1025991
DA3C,0.5,40,8,0,42,392114
DA3C,0.5,40,8,1,43,389611
DA3C,0.5,40,8,2,44,387363
EDD+SPT,0.5,40,8,0,42,569370
EDD+SPT,0.5,40,8,1,43,569370
EDD+SPT,0.5,40,8,2,44,569370
URG+SPT,0.5,40,8,0,42,563693
URG+SPT,0.5,40,8,1,43,563693
URG+SPT,0.5,40,8,2,44,563693
Random,0.5,40,8,0,42,635484
Random,0.5,40,8,1,43,634369
Random,0.5,40,8,2,44,631029
DA3C,0.5,40,10,0,42,151734
DA3C,0.5,40,10,1,43,149788
DA3C,0.5,40,10,2,44,157420
EDD+SPT,0.5,40,10,0,42,234003
EDD+SPT,0.5,40,10,1,43,234003
EDD+SPT,0.5,40,10,2,44,234003
URG+SPT,0.5,40,10,0,42,227681
URG+SPT,0.5,40,10,1,43,227681
URG+SPT,0.5,40,10,2,44,227681
Random,0.5,40,10,0,42,262540
Random,0.5,40,10,1,43,264369
Random,0.5,40,10,2,44,264598
DA3C,1.0,25,8,0,42,223690
DA3C,1.0,25,8,1,43,221764
DA3C,1.0,25,8,2,44,225890
EDD+SPT,1.0,25,8,0,42,351655
EDD+SPT,1.0,25,8,1,43,351655
EDD+SPT,1.0,25,8,2,44,351655
URG+SPT,1.0,25,8,0,42,340446
URG+SPT,1.0,25,8,1,43,340446
URG+SPT,1.0,25,8,2,44,340446
Random,1.0,25,8,0,42,368090
Random,1.0,25,8,1,43,370243
Random,1.0,25,8,2,44,368094
DA3C,1.0,25,10,0,42,583895
DA3C,1.0,25,10,1,43,586915
DA3C,1.0,25,10,2,44,584924
EDD+SPT,1.0,25,10,0,42,858449
EDD+SPT,1.0,25,10,1,43,858449
EDD+SPT,1.0,25,10,2,44,858449
URG+SPT,1.0,25,10,0,42,854934
URG+SPT,1.0,25,10,1,43,854934
URG+SPT,1.0,25,10,2,44,854934
Random,1.0,25,10,0,42,907696
Random,1.0,25,10,1,43,911596
Random,1.0,25,10,2,44,903762
DA3C,1.0,30,8,0,42,192284
DA3C,1.0,30,8,1,43,193107
DA3C,1.0,30,8,2,44,191000
EDD+SPT,1.0,30,8,0,42,318862
EDD+SPT,1.0,30,8,1,43,318862
EDD+SPT,1.0,30,8,2,44,318862
URG+SPT,1.0,30,8,0,42,309696
URG+SPT,1.0,30,8,1,43,309696
URG+SPT,1.0,30,8,2,44,309696
Random,1.0,30,8,0,42,348855
Random,1.0,30,8,1,43,351460
Random,1.0,30,8,2,44,351810
DA3C,1.0,30,10,0,42,180508
DA3C,1.0,30,10,1,43,171967
DA3C,1.0,30,10,2,44,172777
EDD+SPT,1.0,30,10,0,42,281620
EDD+SPT,1.0,30,10,1,43,281620
EDD+SPT,1.0,30,10,2,44,281620
URG+SPT,1.0,30,10,0,42,284439
URG+SPT,1.0,30,10,1,43,284439
URG+SPT,1.0,30,10,2,44,284439
Random,1.0,30,10,0,42,317672
Random,1.0,30,10,1,43,321352
Random,1.0,30,10,2,44,316906
DA3C,1.0,40,8,0,42,30166
DA3C,1.0,40,8,1,43,29975
DA3C,1.0,40,8,2,44,30034
EDD+SPT,1.0,40,8,0,42,27237
EDD+SPT,1.0,40,8,1,43,27237
EDD+SPT,1.0,40,8,2,44,27237
URG+SPT,1.0,40,8,0,42,25648
URG+SPT,1.0,40,8,1,43,25648
URG+SPT,1.0,40,8,2,44,25648
Random,1.0,40,8,0,42,32990
Random,1.0,40,8,1,43,32215
Random,1.0,40,8,2,44,30990
DA3C,1.0,40,10,0,42,89426
DA3C,1.0,40,10,1,43,87571
DA3C,1.0,40,10,2,44,84382
EDD+SPT,1.0,40,10,0,42,143678
EDD+SPT,1.0,40,10,1,43,143678
EDD+SPT,1.0,40,10,2,44,143678
URG+SPT,1.0,40,10,0,42,131667
URG+SPT,1.0,40,10,1,43,131667
URG+SPT,1.0,40,10,2,44,131667
Random,1.0,40,10,0,42,165835
Random,1.0,40,10,1,43,167966
Random,1.0,40,10,2,44,165719
DA3C,1.5,25,8,0,42,500886
DA3C,1.5,25,8,1,43,500046
DA3C,1.5,25,8,2,44,495076
EDD+SPT,1.5,25,8,0,42,796317
EDD+SPT,1.5,25,8,1,43,796317
EDD+SPT,1.5,25,8,2,44,796317
URG+SPT,1.5,25,8,0,42,797835
URG+SPT,1.5,25,8,1,43,797835
URG+SPT,1.5,25,8,2,44,797835
Random,1.5,25,8,0,42,873595
Random,1.5,25,8,1,43,881593
Random,1.5,25,8,2,44,873622
DA3C,1.5,25,10,0,42,142676
DA3C,1.5,25,10,1,43,142550
DA3C,1.5,25,10,2,44,141517
EDD+SPT,1.5,25,10,0,42,249834
EDD+SPT,1.5,25,10,1,43,249834
EDD+SPT,1.5,25,10,2,44,249834
URG+SPT,1.5,25,10,0,42,245142
URG+SPT,1.5,25,10,1,43,245142
URG+SPT,1.5,25,10,2,44,245142
Random,1.5,25,10,0,42,280123
Random,1.5,25,10,1,43,275872
Random,1.5,25,10,2,44,273502
DA3C,1.5,30,8,0,42,134807
DA3C,1.5,30,8,1,43,135387
DA3C,1.5,30,8,2,44,134264
EDD+SPT,1.5,30,8,0,42,229127
EDD+SPT,1.5,30,8,1,43,229127
EDD+SPT,1.5,30,8,2,44,229127
URG+SPT,1.5,30,8,0,42,221463
URG+SPT,1.5,30,8,1,43,221463
URG+SPT,1.5,30,8,2,44,221463
Random,1.5,30,8,0,42,263810
Random,1.5,30,8,1,43,265751
Random,1.5,30,8,2,44,267399
DA3C,1.5,30,10,0,42,28083
DA3C,1.5,30,10,1,43,26875
DA3C,1.5,30,10,2,44,26648
EDD+SPT,1.5,30,10,0,42,46700
EDD+SPT,1.5,30,10,1,43,46700
EDD+SPT,1.5,30,10,2,44,46700
URG+SPT,1.5,30,10,0,42,46560
URG+SPT,1.5,30,10,1,43,46560
URG+SPT,1.5,30,10,2,44,46560
Random,1.5,30,10,0,42,51294
Random,1.5,30,10,1,43,51883
Random,1.5,30,10,2,44,50999
DA3C,1.5,40,8,0,42,23545
DA3C,1.5,40,8,1,43,23654
DA3C,1.5,40,8,2,44,24340
EDD+SPT,1.5,40,8,0,42,23420
EDD+SPT,1.5,40,8,1,43,23420
EDD+SPT,1.5,40,8,2,44,23420
URG+SPT,1.5,40,8,0,42,18197
URG+SPT,1.5,40,8,1,43,18197
URG+SPT,1.5,40,8,2,44,18197
Random,1.5,40,8,0,42,26270
Random,1.5,40,8,1,43,25985
Random,1.5,40,8,2,44,25737
DA3C,1.5,40,10,0,42,80536
DA3C,1.5,40,10,1,43,71163
DA3C,1.5,40,10,2,44,81456
EDD+SPT,1.5,40,10,0,42,106015
EDD+SPT,1.5,40,10,1,43,106015
EDD+SPT,1.5,40,10,2,44,106015
URG+SPT,1.5,40,10,0,42,101597
URG+SPT,1.5,40,10,1,43,101597
URG+SPT,1.5,40,10,2,44,101597
Random,1.5,40,10,0,42,140083
Random,1.5,40,10,1,43,137905
Random,1.5,40,10,2,44,138448
