1,70062
2,62263
3,71443
4,72742
5,68418
6,71733
7,63298
8,68840
9,68986
10,65736
11,66022
12,74059
13,74403
14,74022
15,72747
16,74151
17,67256
18,70754
19,73445
20,80571
21,75056
22,76354
23,77645
24,73055
25,75930
26,78080
27,81428
28,81872
29,79171
30,87762
31,80029
32,78332
33,79375
34,78883
35,82097
36,82321
37,80684
38,84290
39,86593
40,88120
41,83041
42,81634
43,83416
44,80496
45,87048
46,83639
47,85401
48,81579
49,86697
50,82588
51,86717
52,88015
53,81365
54,85154
55,82931
56,84394
57,80569
58,85817
59,83106
60,86685
61,81349
62,84779
63,81715
64,83489
65,81245
66,86169
67,83474
68,84600
69,82358
70,79507
71,81150
72,76121
73,73706
74,80923
75,77628
76,80409
77,77830
78,75332
79,76051
80,77774
81,73539
82,74346
83,74401
84,82006
85,71789
86,72315
87,74286
88,71747
89,73416
90,70163
91,76270
92,78013
93,71559
94,74530
95,77999
96,74115
97,81234
98,75843
99,82674
100,77727
101,75003
102,70237
103,74550
104,76180
105,72164
106,78419
107,74321
108,76675
109,71414
110,73406
111,77034
112,72090
113,76359
114,70871
115,71780
116,68785
117,69376
118,71823
119,72852
120,73873
121,66051
122,70945
123,59614
124,66474
125,65644
126,64791
127,67597
128,65824
129,69792
130,62174
131,61972
132,62722
133,65999
134,60868
135,63807
136,60685
137,63217
138,59298
139,63559
140,64921
141,60969
142,60835
143,64656
144,62179
145,59740
146,59585
147,59510
148,59147
149,60186
150,58028
151,60003
152,59741
153,51554
154,59847
155,62324
156,55077
157,57140
158,55828
159,58357
160,59366
161,58460
162,55741
163,60908
164,63721
165,57399
166,60884
167,66111
168,63264
169,59165
170,65609
171,62976
172,59790
173,63533
174,63847
175,64037
176,65321
177,65842
178,64054
179,64090
180,65698
181,66715
182,71856
183,64786
184,69550
185,74225
186,72219
187,77935
188,72285
189,72037
190,80268
191,73055
192,75367
193,70623
194,79867
195,74992
196,70310
197,72359
198,68359
199,73519
200,69506
201,63545
202,75822
203,69498
204,69777
205,77365
206,73096
207,72256
208,74785
209,79659
210,79149
211,77360
212,74613
213,78408
214,76334
215,75537
216,72338
217,70156
218,78623
219,77491
220,73754
221,72306
222,71161
223,76957
224,78091
225,72374
226,71962
227,73253
228,71920
229,75649
230,77998
231,67565
232,66914
233,70431
234,73783
235,74071
236,66749
237,70459
238,69966
239,68431
240,66984
241,65385
242,63240
243,72898
244,68350
245,69322
246,64287
247,64158
248,64403
249,61807
250,60339
251,56956
252,58253
253,55290
254,55558
255,57925
256,53169
257,53349
258,53988
259,53912
260,50397
261,51244
262,53067
263,52380
264,49785
265,43604
266,52014
267,44963
268,45122
269,47236
270,51711
271,50908
272,50178
273,48745
274,50303
275,43043
276,49198
277,43536
278,49910
279,46980
280,51163
281,46492
282,47626
283,52249
284,50400
285,48317
286,48423
287,46829
288,51042
289,44394
290,49106
291,51234
292,50068
293,49356
294,55647
295,50020
296,52699
297,56822
298,55356
299,50901
300,48799
301,54322
302,49923
303,52317
304,52277
305,51073
306,49006
307,53852
308,48511
309,49229
310,53024
311,50161
312,49467
313,48880
314,52426
315,51198
316,51299
317,48064
318,49608
319,50418
320,47386
321,47119
322,50863
323,45408
324,50187
325,46067
326,45918
327,46664
328,45282
329,50426
330,45186
331,44705
332,48588
333,46260
334,45784
335,45969
336,43256
337,46462
338,44435
339,45712
340,40264
341,45747
342,41079
343,41876
344,45953
345,38144
346,47911
347,42935
348,39575
349,40674
350,39154
351,39117
352,37532
353,40328
354,40334
355,36862
356,37681
357,34132
358,34101
359,30324
360,33969
361,34848
362,33909
363,32991
364,33574
365,35195
366,37477
367,38775
368,37149
369,39286
370,35704
371,40909
372,39205
373,42836
374,41314
375,41352
376,40433
377,40917
378,39821
379,39516
380,42970
381,40055
382,40133
383,37941
384,42423
385,37749
386,39218
387,41797
388,43270
389,40166
390,36901
391,35000
392,41695
393,39179
394,42263
395,39849
396,39866
397,38316
398,36592
399,36679
400,42436
401,36186
402,39912
403,38814
404,39552
405,41634
406,39671
407,38177
408,41651
409,38712
410,42093
411,38305
412,37815
413,37995
414,37028
415,36157
416,37109
417,38014
418,37764
419,40069
420,36057
421,38087
422,38785
423,36122
424,38622
425,39159
426,38993
427,40437
428,38855
429,41955
430,41104
431,39903
432,42469
433,43193
434,40468
435,40535
436,47043
437,41065
438,44829
439,43032
440,42505
441,43881
442,38325
443,43955
444,49127
445,45963
446,40748
447,43100
448,41581
449,43682
450,40059
451,42695
452,45083
453,42845
454,44577
455,44137
456,41863
457,44672
458,47167
459,40801
460,45813
461,39219
462,44935
463,40621
464,43338
465,46445
466,40739
467,43240
468,44022
469,41819
470,38135
471,36960
472,42184
473,41645
474,40578
475,47869
476,38481
477,42504
478,42217
479,41317
480,43053
481,44569
482,44831
483,39449
484,37014
485,39693
486,41732
487,43568
488,42152
489,41923
490,46603
491,45761
492,43248
493,44196
494,43390
495,44966
496,41493
497,43905
498,39877
499,42639
500,44430
501,48072
502,47581
503,46667
504,43703
505,48308
506,45897
507,46275
508,48189
509,44465
510,51767
511,51052
512,46168
513,50074
514,47185
515,50808
516,48490
517,49138
518,48650
519,44511
520,45436
521,47948
522,47244
523,48310
524,46296
525,47096
526,46216
527,46322
528,50106
529,50541
530,52647
531,47382
532,45542
533,45830
534,49959
535,48638
536,52520
537,52153
538,46420
539,49831
540,48683
541,54075
542,52899
543,43542
544,50761
545,50758
546,50863
547,48621
548,49025
549,44985
550,46875
551,48174
552,49372
553,46269
554,44744
555,46667
556,44783
557,47256
558,43033
559,44766
560,43301
561,51265
562,44625
563,48244
564,43267
565,41965
566,46922
567,45673
568,49104
569,44409
570,50500
571,45188
572,47177
573,45150
574,48924
575,47601
576,52358
577,47554
578,51123
579,47844
580,50569
581,53702
582,53292
583,53174
584,50428
585,51745
586,49612
587,51134
588,47545
589,58997
590,49941
591,56150
592,48999
593,52757
594,53499
595,46575
596,51485
597,52302
598,50273
599,52839
600,53168
601,53284
602,50162
603,54694
604,53301
605,53635
606,53846
607,54503
608,55440
609,58187
610,55246
611,52544
612,58895
613,56944
614,51953
615,55636
616,54105
617,55943
618,50812
619,52309
620,57648
621,56556
622,53305
623,56422
624,55149
625,56189
626,57804
627,57044
628,55468
629,58258
630,52260
631,57006
632,54549
633,54661
634,55448
635,55694
636,54266
637,55022
638,51628
639,53441
640,53577
641,49969
642,56280
643,55653
644,55387
645,55315
646,53886
647,53245
648,53165
649,57409
650,51412
651,53723
652,54607
653,54739
654,52380
655,50856
656,52828
657,56742
658,57483
659,57433
660,53160
661,53198
662,54743
663,48995
664,52189
665,51526
666,51105
667,47974
668,44753
669,50685
670,46533
671,52581
672,50233
673,50665
674,47743
675,47308
676,42459
677,43678
678,44825
679,50126
680,46363
681,45131
682,49695
683,47813
684,42651
685,44782
686,49926
687,45124
688,46102
689,43195
690,46916
691,44651
692,45721
693,47646
694,46030
695,46217
696,47784
697,44404
698,49170
699,43255
700,48223
701,45442
702,44222
703,48618
704,44712
705,47762
706,51792
707,46359
708,52268
709,52497
710,48840
711,51588
712,52409
713,44647
714,51622
715,45876
716,50563
717,51455
718,44793
719,45927
720,47079
721,52520
722,41370
723,50048
724,43584
725,41899
726,43917
727,43802
728,42211
729,44277
730,46531
731,44130
732,47986
733,43640
734,47879
735,42647
736,44518
737,45784
738,43412
739,48576
740,46975
741,46517
742,49083
743,46529
744,50497
745,49005
746,49174
747,49619
748,49105
749,42487
750,50791
751,51222
752,48155
753,47344
754,45643
755,54609
756,48347
757,42970
758,44708
759,48329
760,43305
761,46519
762,46608
763,46706
764,52962
765,44226
766,45516
767,42558
768,45222
769,47682
770,42636
771,38783
772,39805
773,40237
774,41113
775,44701
776,41604
777,38142
778,37687
779,39571
780,41679
781,38270
782,41869
783,42568
784,41441
785,41663
786,39675
787,40106
788,39543
789,43442
790,38199
791,42166
792,35843
793,36340
794,38005
795,36699
796,35033
797,37678
798,33365
799,38140
800,39688
801,35672
802,39418
803,39054
804,38546
805,34175
806,35508
807,35260
808,37680
809,37525
810,34563
811,36895
812,33840
813,36261
814,33847
815,37552
816,33245
817,37729
818,41510
819,34387
820,37371
821,41662
822,31835
823,39193
824,41454
825,35229
826,39845
827,38050
828,38609
829,38086
830,38926
831,38018
832,34193
833,35655
834,38507
835,32431
836,35591
837,35323
838,36689
839,32912
840,38450
841,38400
842,37835
843,35553
844,36049
845,37636
846,37339
847,35208
848,32074
849,34129
850,35773
851,36952
852,34521
853,30040
854,32404
855,31595
856,30922
857,36851
858,32721
859,31204
860,33615
861,32509
862,33688
863,36245
864,35323
865,36773
866,32811
867,35502
868,32879
869,30836
870,34706
871,34865
872,32826
873,31901
874,30754
875,30863
876,35043
877,34593
878,31028
879,30137
880,30928
881,36248
882,32370
883,30971
884,30461
885,31944
886,32770
887,31412
888,34277
889,32528
890,29950
891,32100
892,35244
893,35842
894,33252
895,35577
896,34635
897,37893
898,38187
899,36453
900,38970
901,34561
902,36110
903,35404
904,39918
905,36905
906,35507
907,37552
908,33952
909,35234
910,31688
911,33890
912,38651
913,39427
914,38875
915,36901
916,35762
917,37294
918,39436
919,41150
920,34434
921,36952
922,39348
923,42286
924,38749
925,37957
926,38005
927,39487
928,38469
929,44865
930,37058
931,35855
932,32331
933,38533
934,36047
935,39717
936,39470
937,39695
938,40119
939,36046
940,36022
941,34496
942,34378
943,35120
944,32142
945,33488
946,25449
947,27550
948,24889
949,26102
950,25029
951,28175
952,29585
953,31767
954,28704
955,30226
956,27518
957,28486
958,27395
959,27843
960,28788
961,28563
962,29908
963,31541
964,26077
965,31895
966,22326
967,25154
968,27008
969,30227
970,24087
971,24123
972,26466
973,23949
974,25861
975,25919
976,24859
977,27176
978,27515
979,25023
980,25228
981,27653
982,25300
983,25010
984,21060
985,23202
986,25628
987,25613
988,25459
989,24722
990,29873
991,25765
992,23620
993,26551
994,25152
995,27289
996,25907
997,29352
998,27361
999,26628
1000,32007
1001,23673
1002,25107
1003,28510
1004,26628
1005,27261
1006,26990
1007,27680
1008,30050
1009,30310
1010,27628
1011,29852
1012,27459
1013,32015
1014,29790
1015,31778
1016,35090
1017,33003
1018,35892
1019,30508
1020,31596
1021,32425
1022,30281
1023,39122
1024,35427
1025,31501
1026,35775
1027,35217
1028,36726
1029,34651
1030,40535
1031,39445
1032,33974
1033,35791
1034,35513
1035,33253
1036,36347
1037,34071
1038,35587
1039,36552
1040,39185
1041,39877
1042,34766
1043,36116
1044,39595
1045,33055
1046,38255
1047,34905
1048,36499
1049,39274
1050,36972
1051,37356
1052,39921
1053,36758
1054,37335
1055,34871
1056,39246
1057,35092
1058,42354
1059,31878
1060,40943
1061,38795
1062,37139
1063,38835
1064,38015
1065,39757
1066,41182
1067,39726
1068,35249
1069,38051
1070,37969
1071,37388
1072,35613
1073,37653
1074,36451
1075,36954
1076,40465
1077,38309
1078,36789
1079,36805
1080,38655
1081,34751
1082,35992
1083,39103
1084,28948
1085,30738
1086,32100
1087,30730
1088,33565
1089,30789
1090,31633
1091,31918
1092,31891
1093,33189
1094,29485
1095,32696
1096,33001
1097,28411
1098,28313
1099,27478
1100,26959
1101,29045
1102,31440
1103,28551
1104,27052
1105,29311
1106,30038
1107,26641
1108,28247
1109,24768
1110,28963
1111,25754
1112,23239
1113,24334
1114,22754
1115,28361
1116,25499
1117,23535
1118,23771
1119,28901
1120,24363
1121,26852
1122,31690
1123,30924
1124,31546
1125,32101
1126,29612
1127,30772
1128,31714
1129,29981
1130,34675
1131,36261
1132,29642
1133,36078
1134,36834
1135,34913
1136,34921
1137,35774
1138,36506
1139,37432
1140,39119
1141,39547
1142,41446
1143,37347
1144,35059
1145,38669
1146,35313
1147,35508
1148,37247
1149,38459
1150,34104
1151,40601
1152,37342
1153,37500
1154,32104
1155,34473
1156,32166
1157,35076
1158,36113
1159,35917
1160,38427
1161,39554
1162,35200
1163,32530
1164,35400
1165,37949
1166,37527
1167,36646
1168,36922
1169,36241
1170,40978
1171,41310
1172,37857
1173,39906
1174,42780
1175,41142
1176,38724
1177,40067
1178,42303
1179,39931
1180,39329
1181,39248
1182,40502
1183,43647
1184,39610
1185,39156
1186,36945
1187,38637
1188,38985
1189,39228
1190,37998
1191,39655
1192,40224
1193,38309
1194,39356
1195,38642
1196,41874
1197,35351
1198,37447
1199,35512
1200,38404
1201,36380
1202,37570
1203,39067
1204,36399
1205,37523
1206,37046
1207,37883
1208,33133
1209,37014
1210,32477
1211,35466
1212,36918
1213,35676
1214,35671
1215,38792
1216,34679
1217,35726
1218,35848
1219,38855
1220,36468
1221,37255
1222,41133
1223,39723
1224,35836
1225,34805
1226,36007
1227,35736
1228,34758
1229,33246
1230,32300
1231,34854
1232,35183
1233,34451
1234,35009
1235,39248
1236,38929
1237,38101
1238,35797
1239,35278
1240,34462
1241,38087
1242,39840
1243,39392
1244,38197
1245,36213
1246,37871
1247,42554
1248,37382
1249,40304
1250,37655
1251,38693
1252,43153
1253,43230
1254,34878
1255,39717
1256,43634
1257,42027
1258,42635
1259,45078
1260,38314
1261,38565
1262,46255
1263,38646
1264,41707
1265,39873
1266,40199
1267,41235
1268,43643
1269,42272
1270,42966
1271,46773
1272,44005
1273,50065
1274,43860
1275,44004
1276,46882
1277,49680
1278,46559
1279,46496
1280,49877
1281,42859
1282,41205
1283,47394
1284,44154
1285,47811
1286,45948
1287,47987
1288,50038
1289,46980
1290,42705
1291,50835
1292,46914
1293,48927
1294,48906
1295,47874
1296,52262
1297,50598
1298,47925
1299,48788
1300,46237
1301,47505
1302,53306
1303,51125
1304,51278
1305,52949
1306,51176
1307,50200
1308,50839
1309,50325
1310,50736
1311,54662
1312,50118
1313,50418
1314,55731
1315,49111
1316,55076
1317,50795
1318,50024
1319,51838
1320,50010
1321,50886
1322,51311
1323,55962
1324,50993
1325,58038
1326,54543
1327,53627
1328,56827
1329,56834
1330,57332
1331,56049
1332,56711
1333,56213
1334,58870
1335,56320
1336,55700
1337,55963
1338,57716
1339,58468
1340,58665
1341,60900
1342,52102
1343,55039
1344,55788
1345,58750
1346,55440
1347,55810
1348,52884
1349,56046
1350,56455
1351,58212
1352,58593
1353,55461
1354,62213
1355,60716
1356,54196
1357,55952
1358,55256
1359,55632
1360,58369
1361,58113
1362,56614
1363,54636
1364,60086
1365,59227
1366,55217
1367,51836
1368,56658
1369,55368
1370,52658
1371,53738
1372,52275
1373,51350
1374,50960
1375,53511
1376,54034
1377,52573
1378,53806
1379,51779
1380,51654
1381,53124
1382,51786
1383,51631
1384,57867
1385,49112
1386,58200
1387,53386
1388,58417
1389,55362
1390,54728
1391,58333
1392,51401
1393,51833
1394,52248
1395,56381
1396,60353
1397,58174
1398,55346
1399,54874
1400,54934
1401,53721
1402,54747
1403,55708
1404,59355
1405,57996
1406,54908
1407,52462
1408,57107
1409,54831
1410,57753
1411,60797
1412,58304
1413,61292
1414,56249
1415,56604
1416,56456
1417,64230
1418,58163
1419,59338
1420,59655
1421,59205
1422,56559
1423,54842
1424,53553
1425,58805
1426,59667
1427,57326
1428,58596
1429,55368
1430,55998
1431,54651
1432,58657
1433,57872
1434,57129
1435,58137
1436,53520
1437,61212
1438,56240
1439,57947
1440,53902
1441,52249
1442,56304
1443,55402
1444,56040
1445,57672
1446,60645
1447,57973
1448,59120
1449,56040
1450,61393
1451,55510
1452,58373
1453,56128
1454,55714
1455,62579
1456,61724
1457,57233
1458,58497
1459,58007
1460,57975
1461,56099
1462,57977
1463,57409
1464,60185
1465,57285
1466,53106
1467,62262
1468,55225
1469,59648
1470,56479
1471,59343
1472,61294
1473,62074
1474,59455
1475,61514
1476,60687
1477,61696
1478,61573
1479,59806
1480,56337
1481,60202
1482,55888
1483,57876
1484,62685
1485,60152
1486,60367
1487,62371
1488,64640
1489,51776
1490,57598
1491,61024
1492,59811
1493,59366
1494,61083
1495,61968
1496,57369
1497,58678
1498,57929
1499,58043
1500,59767
1501,58019
1502,64295
1503,57669
1504,55409
1505,57819
1506,61923
1507,57327
1508,61902
1509,57055
1510,61680
1511,53135
1512,54677
1513,51767
1514,61528
1515,57325
1516,55142
1517,59356
1518,59379
1519,53886
1520,58848
1521,55123
1522,53818
1523,55701
1524,54125
1525,59639
1526,53336
1527,60384
1528,50555
1529,49169
1530,53389
1531,55433
1532,61624
1533,53518
1534,55245
1535,52958
1536,51436
1537,54129
1538,50518
1539,50491
1540,53522
1541,53278
1542,55858
1543,52741
1544,56697
1545,57548
1546,58800
1547,51882
1548,52359
1549,50118
1550,53679
1551,54682
1552,53096
1553,51611
1554,55737
1555,51561
1556,56020
1557,54809
1558,54497
1559,48449
1560,56295
1561,55985
1562,53636
1563,51055
1564,54181
1565,53242
1566,57896
1567,54213
1568,57111
1569,56127
1570,50296
1571,52937
1572,52030
1573,54078
1574,51052
1575,54140
1576,55367
1577,52200
1578,57631
1579,53212
1580,53688
1581,53373
1582,57852
1583,54220
1584,58926
1585,54510
1586,51710
1587,57189
1588,57874
1589,57307
1590,54956
1591,58505
1592,57482
1593,58623
1594,57486
1595,52039
1596,60868
1597,57290
1598,50646
1599,53688
1600,57272
1601,63063
1602,56924
1603,55418
1604,57066
1605,59645
1606,60221
1607,53244
1608,54632
1609,55544
1610,54433
1611,54156
1612,58548
1613,61286
1614,51436
1615,59321
1616,56011
1617,55864
1618,55646
1619,54460
1620,52998
1621,55341
1622,56197
1623,54470
1624,53434
1625,57289
1626,52034
1627,59843
1628,56825
1629,56270
1630,57975
1631,54067
1632,49578
1633,52926
1634,60497
1635,57081
1636,54846
1637,55632
1638,53946
1639,53374
1640,53940
1641,54217
1642,53233
1643,54748
1644,55683
1645,51844
1646,57248
1647,50135
1648,55961
1649,53261
1650,53290
1651,54894
1652,51008
1653,53072
1654,56013
1655,55713
1656,55086
1657,53738
1658,54548
1659,52997
1660,55286
1661,52461
1662,52363
1663,55729
1664,54012
1665,53142
1666,56018
1667,57126
1668,55078
1669,53652
1670,54461
1671,59372
1672,52012
1673,54236
1674,53946
1675,52535
1676,52351
1677,48963
1678,50767
1679,52910
1680,56665
1681,52710
1682,53185
1683,57007
1684,52489
1685,53043
1686,59194
1687,50211
1688,53477
1689,53939
1690,55390
1691,53077
1692,47797
1693,52727
1694,54639
1695,50161
1696,56105
1697,53244
1698,51062
1699,51584
1700,56282
1701,58024
1702,53438
1703,56836
1704,55312
1705,56866
1706,48238
1707,51632
1708,55226
1709,52948
1710,51809
1711,54116
1712,50746
1713,54429
1714,54634
1715,56142
1716,49214
1717,55920
1718,53989
1719,55416
1720,53573
1721,56969
1722,55167
1723,53486
1724,52743
1725,57342
1726,51126
1727,58438
1728,53665
1729,56006
1730,56296
1731,57488
1732,54754
1733,54124
1734,60209
1735,55683
1736,56859
1737,55497
1738,53797
1739,52888
1740,56143
1741,61725
1742,54523
1743,55601
1744,57467
1745,60631
1746,54944
1747,55589
1748,55905
1749,55814
1750,56431
1751,56117
1752,54965
1753,57017
1754,54647
1755,59191
1756,53584
1757,57657
1758,53922
1759,57503
1760,57297
1761,56008
1762,59644
1763,58396
1764,56945
1765,55535
1766,53695
1767,53794
1768,56647
1769,56629
1770,55306
1771,58079
1772,57458
1773,54173
1774,54521
1775,58180
1776,58709
1777,55020
1778,59379
1779,55971
1780,55954
1781,56241
1782,55141
1783,57805
1784,56974
1785,55563
1786,58892
1787,56394
1788,55113
1789,54853
1790,53885
1791,52543
1792,53458
1793,57287
1794,57103
1795,58550
1796,60940
1797,51978
1798,61810
1799,57951
1800,60184
1801,57496
1802,59041
1803,55415
1804,60094
1805,56847
1806,54750
1807,57275
1808,57584
1809,64726
1810,59857
1811,57239
1812,56362
1813,61045
1814,58777
1815,56189
1816,60606
1817,56296
1818,56639
1819,60238
1820,57076
1821,55045
1822,56271
1823,57579
1824,58843
1825,57263
1826,52962
1827,52888
1828,56658
1829,58716
1830,56153
1831,57928
1832,55242
1833,53978
1834,61969
1835,58504
1836,51861
1837,56828
1838,56040
1839,58922
1840,55296
1841,60341
1842,54863
1843,52157
1844,56372
1845,54278
1846,54827
1847,57920
1848,57072
1849,51710
1850,58088
1851,55737
1852,60582
1853,55107
1854,55144
1855,57572
1856,58394
1857,54626
1858,57951
1859,56669
1860,54391
1861,56275
1862,53410
1863,54846
1864,57381
1865,55922
1866,56150
1867,56450
1868,52599
1869,53686
1870,57094
1871,54629
1872,55820
1873,56921
1874,55849
1875,53049
1876,53476
1877,58961
1878,56225
1879,55252
1880,60960
1881,59879
1882,53823
1883,56397
1884,58082
1885,54670
1886,55515
1887,55534
1888,52939
1889,53576
1890,58467
1891,58578
1892,55564
1893,56870
1894,60019
1895,58910
1896,55763
1897,57916
1898,58908
1899,55848
1900,58743
1901,58319
1902,55778
1903,54413
1904,58764
1905,62439
1906,56455
1907,59915
1908,56131
1909,58520
1910,60203
1911,62584
1912,59422
1913,61575
1914,63223
1915,61728
1916,63897
1917,58459
1918,58959
1919,61200
1920,64277
1921,60440
1922,53511
1923,61144
1924,58148
1925,60830
1926,58282
1927,60749
1928,58352
1929,61411
1930,58303
1931,58161
1932,59055
1933,55820
1934,59820
1935,60027
1936,57781
1937,56631
1938,56430
1939,56370
1940,56989
1941,52598
1942,59626
1943,53540
1944,56912
1945,57282
1946,58351
1947,62605
1948,57582
1949,61159
1950,57229
1951,63634
1952,61542
1953,59071
1954,56069
1955,61561
1956,62046
1957,61384
1958,63449
1959,60654
1960,58939
1961,57585
1962,57893
1963,57055
1964,58780
1965,60431
1966,54077
1967,55143
1968,56001
1969,60503
1970,58176
1971,61881
1972,55829
1973,50759
1974,57285
1975,59218
1976,54636
1977,58194
1978,52992
1979,55567
1980,61139
1981,57128
1982,56131
1983,59845
1984,56442
1985,53040
1986,52565
1987,57391
1988,56811
1989,53498
1990,52354
1991,52680
1992,53032
1993,52292
1994,52745
1995,53475
1996,50361
1997,48931
1998,51440
1999,50253
2000,50124
2001,56037
2002,54758
2003,51929
2004,52116
2005,54831
2006,52045
2007,53059
2008,53969
