1,74578
2,64505
3,69848
1,65507
2,61404
3,70742
4,67962
5,71032
1,65281
2,62611
3,66285
4,70382
5,70896
6,72811
7,67572
8,65289
9,72426
10,68287
11,72323
12,73279
13,66249
14,67017
15,67556
16,70863
17,69397
18,69711
19,69361
20,75098
21,75161
22,70721
23,72128
24,71904
25,75778
26,76922
27,73390
28,74970
29,78816
30,76425
31,77935
32,76760
33,74289
34,76556
35,74870
36,72527
37,73008
38,71416
39,71253
40,72281
41,77004
42,74923
43,71583
44,69209
45,76937
46,73075
47,70693
48,70829
49,70842
50,69331
51,72435
52,69304
53,73185
54,72861
55,71330
56,68716
57,70698
58,69078
59,66804
60,72357
61,71988
62,72274
63,67210
64,70203
65,68670
66,73468
67,71452
68,73134
69,64806
70,68864
71,71613
72,68896
73,66216
74,66907
75,69861
76,65435
77,67156
78,72979
79,67408
80,69587
81,67644
82,66939
83,67071
84,70045
85,64498
86,68404
87,66436
88,68692
89,68747
90,69404
91,67883
92,67668
93,70393
94,69575
95,67516
96,71433
97,68739
98,72027
99,71384
100,68036
101,69776
102,71626
103,70457
104,63993
105,65699
106,67966
107,68198
108,69896
109,67677
110,71614
111,71968
112,67169
113,70551
114,67432
115,63662
116,66184
117,69343
118,65804
119,73315
120,72135
121,68322
122,67599
123,73765
124,66695
125,67790
126,66901
127,72439
128,70668
129,65299
130,66360
131,67258
132,70981
133,72453
134,70557
135,73127
136,70188
137,71546
138,73998
139,71590
140,77017
141,68876
142,76046
143,76784
144,67711
145,74348
146,67393
147,67449
148,64177
149,67354
150,68181
151,68833
152,69108
153,70546
154,70780
155,65242
156,68837
157,72567
158,71149
159,70300
160,66590
161,68065
162,69898
163,71218
164,70884
165,67748
166,67982
167,65660
168,68304
169,78233
170,69121
171,74605
172,72682
173,72463
174,67704
175,74355
176,70147
177,72690
178,72948
179,68675
180,73230
181,73661
182,69844
183,73120
184,76528
185,68365
186,75871
187,79106
188,68709
189,72220
190,69690
191,69934
192,73852
193,71545
194,72797
195,73511
196,73459
197,72616
198,70729
199,75042
200,75022
201,77062
202,72024
203,69337
204,68964
205,69916
206,67503
207,68932
208,71608
209,68834
210,71191
211,67742
212,72133
213,75353
214,67298
215,71413
216,72468
217,73158
218,77909
219,72873
220,72452
221,70105
222,76991
223,72091
224,74710
225,71201
226,76801
227,73289
228,71665
229,70596
230,74753
231,74806
232,73120
233,75537
234,75532
235,75434
236,78325
237,74011
238,75645
239,73460
240,72399
241,77471
242,73941
243,74735
244,72873
245,75168
246,73046
247,69160
248,68847
249,69994
250,66524
251,70568
252,66113
253,66992
254,72775
255,69614
256,68602
257,70375
258,67828
259,70152
260,65609
261,70361
262,69556
263,72372
264,73042
265,67320
266,74749
267,68751
268,73154
269,74279
270,73178
271,75414
272,74783
273,73903
274,71198
275,74632
276,69707
277,74203
278,68891
279,73335
280,70508
281,66089
282,66474
283,72654
284,69758
285,73693
286,74292
287,65422
288,62609
289,70685
290,68797
291,68861
292,70981
293,71503
294,65846
295,68220
296,70065
297,70351
298,64249
299,67055
300,69289
301,65653
302,63930
303,62540
304,68634
305,64639
306,70096
307,65341
308,62152
309,65782
310,69474
311,64754
312,66865
313,66759
314,64408
315,66575
316,69156
317,72113
318,67227
319,70119
320,62305
321,69121
322,65727
323,65404
324,69730
325,67334
326,72695
327,70485
328,68323
329,67733
330,68158
331,69128
332,72089
333,67529
334,66869
335,65789
336,70829
337,69420
338,67547
339,67101
340,69350
341,70166
342,68347
343,65511
344,72804
345,74596
346,69370
347,68722
348,72132
349,74577
350,75411
351,73453
352,71330
353,71712
354,72251
355,75426
356,67467
357,72909
358,73850
359,71971
360,75832
361,68113
362,75580
363,74646
364,74623
365,72510
366,71847
367,74811
368,68449
369,72206
370,71774
371,71613
372,68616
373,71144
374,68158
375,70355
376,71498
377,73002
378,67979
379,73604
380,70764
381,75571
382,70467
383,68781
384,68768
385,69528
386,76417
387,71915
388,76567
389,76114
390,79252
391,70178
392,78354
393,78542
394,77122
395,76148
396,69616
397,80086
398,77852
399,79129
400,74716
401,74306
402,79060
403,77173
404,76460
405,87156
406,74124
407,79149
408,81002
409,81753
410,75456
411,76321
412,73974
413,78148
414,79663
415,78073
416,82455
417,83962
418,76528
419,82421
420,83432
421,77202
422,75774
423,82471
424,76990
425,87719
426,78509
427,85613
428,81175
429,82035
430,81315
431,84259
432,79702
433,80204
434,77547
435,85839
436,79575
437,81438
438,80769
439,76336
440,84190
441,83605
442,80521
443,80466
444,83227
445,79194
446,82271
447,77601
448,79504
449,80228
450,81850
451,87719
452,79494
453,81037
454,80925
455,80539
456,76668
457,79960
458,79168
459,77768
460,79143
461,75660
462,75035
463,76329
464,77419
465,74691
466,77908
467,75619
468,78349
469,75083
470,76838
471,78516
472,70566
473,77047
474,76295
475,79446
476,79692
477,77827
478,78583
479,79372
480,75171
481,74024
482,76763
483,73909
484,70901
485,70068
486,73311
487,69930
488,71674
489,67603
490,70339
491,68593
492,72432
493,71801
494,65562
495,71773
496,73058
497,70146
498,67207
499,73080
500,73879
501,75148
502,70962
503,69292
504,67691
505,70442
506,70507
507,71844
508,69980
509,71929
510,66015
511,71354
512,72193
513,74254
514,69685
515,73575
516,71031
517,63107
518,70443
519,72961
520,68730
521,69037
522,69871
523,68094
524,69315
525,69140
526,72577
527,71481
528,70436
529,70912
530,67508
531,66657
532,69004
533,69763
534,69437
535,64603
536,70386
537,69951
538,72319
539,70245
540,67875
541,64569
542,65213
543,63024
544,68810
545,71196
546,63416
547,63669
548,64448
549,65690
550,65819
551,68557
552,68033
553,62400
554,63037
555,63936
556,68460
557,65012
558,66936
559,64802
560,68268
561,66116
562,66773
563,64823
564,65225
565,69249
566,66020
567,67358
568,65663
569,62370
570,63702
571,64300
572,64258
573,66865
574,63227
575,65697
576,66693
577,63802
578,64850
579,64355
580,63817
581,64799
582,64860
583,67412
584,59836
585,64717
586,63239
587,67363
588,67001
589,65423
590,64104
591,64521
592,68223
593,64838
594,64170
595,65928
596,65000
597,60043
598,67537
599,65693
600,66837
601,67191
602,67639
603,66695
604,70852
605,72366
606,66032
607,70012
608,67663
609,67217
610,63425
611,65072
612,67366
613,66801
614,66813
615,62405
616,67635
617,69260
618,67544
619,59621
620,66186
621,65492
622,65985
623,68253
624,68233
625,64181
626,64743
627,63126
628,68344
629,66375
630,65470
631,67582
632,66518
633,67974
634,68813
635,61229
636,62915
637,68851
638,69318
639,62859
640,64503
641,66927
642,62738
643,64716
644,63387
645,60867
646,64382
647,62170
648,66496
649,61962
650,62449
651,65378
652,67760
653,68122
654,65190
655,64689
656,63901
657,65157
658,65236
659,60150
660,63955
661,61755
662,63886
663,62313
664,63471
665,63597
666,57346
667,67588
668,61658
669,64206
670,62249
671,59291
672,64506
673,70422
674,62341
675,63987
676,63419
677,62036
678,64238
679,63042
680,63583
681,67016
682,63749
683,69053
684,61673
685,62854
686,60009
687,60231
688,64522
689,62202
690,65068
691,69507
692,68181
693,64734
694,65504
695,63649
696,63894
697,60963
698,66329
699,67571
700,62371
701,64519
702,67085
703,64981
704,62221
705,60176
706,67034
707,67509
708,63015
709,65337
710,63131
711,64391
712,58653
713,61937
714,63719
715,61208
716,64385
717,58971
718,58554
719,60474
720,58501
721,67438
722,62008
723,61523
724,61939
725,64500
726,60114
727,61458
728,63439
729,61750
730,58994
731,65279
732,61286
733,62699
734,63479
735,65900
736,58926
737,61764
738,66178
739,65115
740,58112
741,59730
742,64221
743,66160
744,62079
745,67092
746,60062
747,63221
748,61074
749,66419
750,65525
751,60592
752,64054
753,66558
754,68386
755,59932
756,62856
757,64588
758,63264
759,62188
760,64630
761,67042
762,67487
763,61790
764,64621
765,62422
766,67260
767,67476
768,63206
769,67997
770,60246
771,68722
772,68322
773,61740
774,65623
775,62097
776,66108
777,65516
778,68633
779,67856
780,69418
781,69059
782,66939
783,67314
784,69565
785,70264
786,68476
787,66634
788,68066
789,66896
790,71282
791,69400
792,69809
793,65853
794,66910
795,61039
796,67872
797,64365
798,66415
799,66840
800,65634
801,63727
802,68298
803,69379
804,70396
805,64463
806,71675
807,64495
808,65860
809,64486
810,66809
811,66344
812,65249
813,63925
814,66316
815,68981
816,67267
817,67374
818,63690
819,66658
820,66689
821,64250
822,67857
823,64468
824,67320
825,63816
826,67952
827,66409
828,64549
829,66246
830,69583
831,60654
832,58986
833,63034
834,71075
835,71225
836,57970
837,67833
838,64673
839,61520
840,68583
841,65599
842,61704
843,68020
844,57049
845,66289
846,64078
847,63088
848,60010
849,62396
850,67509
851,59215
852,60887
853,64135
854,56509
855,61052
856,61269
857,59477
858,60667
859,62819
860,63875
861,59065
862,58205
863,65407
864,61599
865,59879
866,61428
867,63207
868,58588
869,58963
870,57470
871,60348
872,54896
873,57648
874,62183
875,62050
876,62283
877,60244
878,60844
879,64005
880,61372
881,68074
882,61575
883,57226
884,62015
885,60045
886,61784
887,65667
888,60484
889,61678
890,60538
891,62462
892,58468
893,58381
894,58177
895,60020
896,59579
897,65399
898,58572
899,60582
900,64534
901,61896
902,58465
903,65319
904,64392
905,64132
906,62995
907,68609
908,65080
909,62837
910,58123
911,65820
912,65452
913,63384
914,64371
915,65924
916,68191
917,66737
918,66232
919,63222
920,62353
921,59149
922,62492
923,59210
924,59409
925,58965
926,61757
927,63851
928,65542
929,64905
930,65112
931,63234
932,63054
933,64722
934,60259
935,63767
936,67066
937,62971
938,62169
939,65174
940,63551
941,59974
942,65464
943,64681
944,63021
945,61142
946,62450
947,61633
948,58964
949,59213
950,61295
951,60575
952,61275
953,62468
954,59079
955,56828
956,64052
957,61785
958,62067
959,57222
960,61612
961,57948
962,63335
963,60593
964,61159
965,64670
966,62014
967,60610
968,63458
969,64267
970,60420
971,61093
972,67519
973,63860
974,59683
975,59171
976,61102
977,58122
978,63210
979,62702
980,61288
981,60686
982,57672
983,58192
984,60906
985,61178
986,60071
987,57163
988,62478
989,58769
990,59482
991,66290
992,62792
993,58646
994,56579
995,67145
996,59217
997,63257
998,64521
999,61303
1000,56818
1001,62744
1002,63455
1003,58756
1004,58895
1005,60344
1006,59096
1007,56910
1008,57944
1009,56257
1010,56824
1011,56032
1012,57985
1013,52034
1014,58824
1015,55747
1016,56393
1017,55376
1018,55782
1019,56153
1020,54838
1021,55650
1022,52347
1023,49477
1024,48142
1025,49203
1026,49285
1027,52532
1028,48124
1029,50662
1030,50561
1031,48279
1032,48825
1033,45032
1034,48169
1035,44873
1036,47872
1037,47105
1038,47984
1039,44094
1040,49316
1041,45835
1042,42145
1043,43822
1044,41537
1045,44832
1046,42654
1047,44663
1048,43366
1049,43317
1050,43310
1051,41596
1052,43102
1053,43184
1054,40342
1055,38922
1056,38454
1057,40478
1058,43331
1059,39164
1060,37893
1061,37631
1062,38262
1063,35690
1064,41230
1065,40209
1066,39634
1067,42887
1068,37468
1069,37027
1070,37954
1071,44261
1072,43625
1073,39932
1074,35917
1075,35867
1076,36449
1077,40081
1078,36180
1079,34451
1080,33930
1081,37752
1082,34968
1083,37963
1084,33129
1085,40529
1086,37732
1087,31831
1088,38215
1089,35240
1090,32344
1091,36251
1092,35763
1093,38755
1094,38382
1095,34666
1096,33449
1097,37176
1098,32269
1099,31371
1100,31884
1101,33410
1102,33205
1103,29574
1104,32170
1105,31172
1106,28190
1107,27821
1108,26962
1109,26788
1110,31315
1111,30141
1112,24861
1113,29536
1114,26178
1115,26289
1116,27101
1117,26386
1118,26588
1119,27835
1120,25535
1121,29075
1122,28301
1123,26664
1124,26601
1125,25121
1126,25028
1127,24595
1128,26806
1129,24484
1130,25093
1131,28334
1132,25347
1133,25708
1134,23744
1135,25349
1136,22146
1137,23705
1138,22333
1139,23152
1140,23445
1141,22581
1142,26251
1143,22177
1144,23905
1145,21240
1146,22863
1147,21471
1148,22676
1149,24475
1150,28865
1151,22725
1152,26109
1153,20515
1154,25021
1155,25104
1156,26514
1157,24641
1158,22275
1159,25045
1160,25425
1161,22365
1162,20196
1163,21818
1164,24889
1165,24726
1166,25692
1167,20900
1168,19674
1169,23247
1170,22197
1171,23250
1172,19221
1173,22116
1174,21330
1175,21028
1176,21121
1177,18974
1178,18198
1179,20071
1180,19731
1181,23638
1182,22315
1183,17478
1184,19742
1185,21146
1186,19108
1187,20635
1188,22440
1189,22659
1190,19159
1191,20907
1192,23168
1193,21061
1194,22706
1195,21093
1196,25167
1197,19151
1198,19910
1199,19269
1200,24500
1201,23088
1202,21057
1203,20283
1204,22679
1205,19380
1206,19338
1207,21139
1208,21904
1209,20362
1210,23016
1211,20994
1212,21006
1213,21931
1214,23075
1215,22410
1216,22898
1217,22732
1218,24991
1219,25899
1220,24986
1221,25005
1222,25083
1223,25049
1224,26899
1225,24132
1226,25358
1227,27889
1228,34111
1229,29436
1230,31224
1231,28484
1232,23531
1233,26936
1234,30101
1235,31720
1236,30898
1237,30595
1238,31660
1239,32455
1240,27220
1241,30232
1242,28973
1243,29791
1244,30187
1245,31693
1246,31596
1247,34068
1248,34931
1249,37857
1250,34289
1251,37178
1252,35004
1253,37547
1254,37524
1255,41157
1256,39944
1257,38202
1258,41473
1259,40091
1260,41016
1261,40749
1262,41373
1263,44467
1264,40304
1265,40546
1266,44074
1267,40711
1268,39490
1269,38182
1270,39936
1271,39294
1272,41409
1273,36743
1274,46556
1275,41241
1276,36009
1277,44046
1278,41799
1279,37456
1280,38277
1281,36406
1282,42776
1283,39889
1284,38198
1285,37560
1286,38260
1287,40781
1288,40906
1289,42859
1290,41328
1291,38070
1292,41275
1293,43503
1294,43334
1295,44459
1296,44513
1297,43213
1298,48224
1299,43364
1300,46287
1301,46849
1302,50212
1303,45859
1304,43488
1305,45288
1306,45494
1307,45232
1308,45955
1309,46391
1310,48880
1311,50375
1312,45758
1313,45325
1314,48791
1315,47861
1316,47749
1317,46782
1318,49806
1319,49871
1320,53057
1321,43794
1322,46700
1323,40560
1324,41568
1325,46568
1326,46021
1327,46373
1328,45171
1329,46078
1330,46766
1331,50598
1332,48087
1333,47692
1334,48774
1335,44701
1336,42494
1337,49127
1338,48214
1339,46253
1340,52387
1341,49866
1342,46401
1343,51465
1344,50360
1345,48492
1346,51166
1347,48884
1348,51745
1349,51918
1350,54685
1351,49111
1352,51888
1353,54898
1354,57232
1355,57812
1356,52913
1357,50835
1358,49935
1359,51256
1360,52446
1361,53056
1362,54240
1363,50337
1364,49833
1365,53255
1366,48934
1367,50456
1368,52406
1369,51768
1370,54745
1371,51399
1372,53487
1373,46219
1374,52258
1375,53395
1376,48775
1377,51151
1378,50703
1379,48331
1380,45106
1381,50567
1382,51109
1383,51913
1384,47561
1385,49445
1386,53250
1387,46603
1388,51796
1389,56968
1390,50704
1391,54780
1392,49941
1393,53927
1394,51764
1395,51047
1396,52123
1397,46541
1398,50253
1399,55141
1400,52233
1401,50638
1402,48251
1403,44199
1404,55386
1405,49724
1406,52775
1407,50061
1408,54481
1409,51840
1410,50304
1411,54209
1412,51220
1413,53360
1414,49564
1415,51827
1416,52126
1417,50021
1418,50153
1419,57230
1420,49132
1421,51565
1422,49759
1423,49979
1424,45649
1425,49440
1426,49334
1427,46898
1428,47476
1429,48899
1430,50096
1431,57134
1432,49886
1433,51227
1434,42252
1435,47940
1436,44998
1437,47043
1438,45883
1439,47286
1440,45219
1441,48328
1442,41606
1443,47418
1444,46521
1445,47617
1446,42230
1447,41368
1448,40946
1449,37739
1450,38571
1451,35125
1452,39421
1453,38671
1454,35519
1455,34685
1456,36665
1457,34153
1458,35582
1459,36147
1460,32587
1461,28032
1462,32817
1463,32622
1464,29629
1465,34699
1466,27204
1467,28110
1468,27206
1469,25559
1470,23217
1471,30439
1472,24642
1473,26406
1474,23874
1475,24666
1476,22984
1477,21128
1478,24001
1479,25449
1480,26116
1481,24740
1482,26375
1483,24137
1484,25543
1485,23441
1486,25581
1487,23729
1488,21255
1489,25873
1490,26269
1491,22730
1492,23341
1493,23731
1494,23385
1495,22648
1496,25416
1497,22490
1498,23127
1499,26982
1500,24199
1501,26741
1502,25573
1503,23333
1504,22753
1505,24176
1506,22980
1507,29144
1508,26236
1509,27751
1510,26816
1511,27139
1512,25404
1513,26439
1514,27667
1515,24541
1516,25199
1517,27561
1518,25556
1519,27208
1520,28977
1521,29267
1522,32470
1523,35013
1524,29893
1525,29010
1526,31843
1527,28246
1528,28802
1529,32343
1530,36137
1531,33123
1532,31350
1533,32217
1534,34718
1535,31997
1536,32311
1537,35811
1538,37466
1539,36398
1540,33113
1541,34984
1542,29467
1543,36900
1544,37234
1545,34873
1546,33666
1547,38595
1548,33737
1549,33589
1550,33062
1551,35778
1552,34809
1553,31043
1554,36657
1555,35580
1556,36760
1557,38299
1558,33414
1559,35062
1560,33788
1561,34600
1562,37399
1563,33517
1564,31533
1565,37638
1566,38185
1567,37702
1568,38400
1569,38134
1570,40866
1571,37076
1572,36252
1573,38258
1574,40236
1575,36557
1576,39184
1577,40833
1578,41592
1579,37226
1580,40889
1581,40070
1582,43901
1583,42324
1584,46682
1585,43734
1586,44564
1587,43077
1588,41991
1589,40805
1590,42165
1591,39889
1592,40074
1593,42476
1594,40036
1595,39202
1596,37627
1597,37167
1598,40056
1599,40322
1600,36896
1601,37804
1602,41038
1603,40145
1604,43924
1605,38713
1606,38854
1607,39852
1608,37196
1609,40908
1610,39412
1611,37071
1612,42233
1613,38077
1614,39580
1615,38290
1616,43193
1617,45175
1618,47020
1619,40728
1620,45369
1621,39188
1622,42145
1623,42451
1624,43735
1625,42839
1626,41566
1627,42093
1628,41004
1629,40890
1630,40131
1631,44876
1632,44036
1633,37483
1634,43503
1635,43226
1636,40926
1637,42461
1638,43261
1639,40959
1640,39596
1641,37750
1642,45278
1643,38472
1644,40772
1645,43015
1646,42386
1647,42766
1648,37115
1649,39433
1650,40473
1651,40886
1652,40881
1653,43392
1654,38642
1655,39078
1656,40946
1657,39997
1658,40926
1659,42526
1660,43783
1661,41800
1662,43820
1663,41624
1664,45163
1665,44404
1666,37128
1667,42858
1668,38231
1669,39435
1670,41140
1671,37767
1672,41029
1673,42789
1674,40947
1675,38442
1676,38139
1677,38169
1678,39302
1679,37009
1680,38291
1681,33761
1682,39331
1683,36397
1684,35810
1685,38228
1686,35798
1687,34712
1688,40094
1689,33811
1690,37573
1691,37211
1692,36572
1693,39736
1694,39094
1695,35718
1696,39693
1697,33362
1698,38275
1699,38816
1700,35285
1701,38610
1702,34700
1703,37453
1704,34151
1705,38231
1706,39336
1707,36356
1708,32150
1709,36907
1710,34690
1711,34552
1712,34577
1713,38524
1714,34798
1715,34182
1716,34706
1717,34272
1718,30350
1719,29471
1720,30517
1721,33213
1722,36286
1723,31315
1724,27154
1725,28845
1726,25560
1727,27809
1728,25051
1729,24126
1730,25362
1731,25650
1732,22620
1733,23210
1734,18421
1735,17659
1736,16625
1737,20024
1738,19041
1739,15739
1740,18807
1741,18170
1742,18244
1743,17425
1744,17263
1745,16610
1746,18272
1747,16248
1748,15142
1749,19211
1750,16690
1751,17965
1752,17176
1753,15323
1754,15356
1755,15997
1756,18571
1757,16575
1758,19357
1759,16470
1760,19602
1761,17592
1762,15164
1763,17871
1764,16011
1765,16957
1766,15650
1767,15952
1768,13402
1769,16959
1770,16063
1771,14368
1772,15863
1773,16256
1774,14754
1775,15266
1776,15247
1777,14644
1778,13897
1779,11361
1780,14392
1781,11643
1782,11336
1783,11628
1784,13879
1785,12857
1786,12994
1787,11174
1788,11332
1789,11292
1790,9632
1791,11048
1792,12490
1793,9293
1794,9911
1795,11356
1796,10682
1797,10049
1798,9174
1799,10419
1800,12216
1801,10134
1802,11913
1803,11048
1804,11482
1805,10742
1806,11197
1807,11471
1808,10762
1809,11478
1810,11634
1811,12054
1812,10766
1813,12554
1814,11391
1815,11537
1816,14429
1817,11833
1818,14419
1819,11606
1820,11036
1821,13587
1822,11969
1823,13849
1824,11540
1825,11718
1826,11157
1827,14856
1828,13030
1829,11767
1830,13748
1831,12720
1832,16611
1833,14789
1834,12452
1835,11899
1836,14525
1837,13520
1838,14756
1839,14512
1840,12995
1841,16295
1842,14933
1843,13502
1844,15242
1845,12911
1846,13002
1847,12219
1848,13403
1849,14033
1850,13457
1851,12609
1852,11498
1853,12488
1854,12582
1855,13994
1856,13605
1857,12715
1858,13037
1859,13579
1860,13238
1861,12525
1862,12668
1863,13035
1864,12889
1865,12832
1866,13552
1867,13480
1868,13752
1869,13874
1870,14891
1871,16358
1872,14968
1873,14308
1874,13480
1875,15109
1876,14148
1877,14895
1878,12405
1879,14472
1880,18823
1881,15379
1882,14160
1883,15265
1884,16623
1885,15576
1886,15483
1887,17461
1888,15005
1889,14857
1890,14816
1891,13682
1892,16909
1893,15739
1894,15654
1895,13180
1896,15680
1897,13095
1898,13492
1899,14875
1900,16106
1901,13687
1902,15779
1903,14068
1904,14162
1905,18170
1906,12167
1907,15285
1908,15441
1909,12891
1910,15440
1911,15221
1912,17509
1913,15958
1914,17044
1915,17923
1916,17628
1917,16457
1918,18712
1919,14697
1920,12744
1921,14703
1922,16488
1923,16134
1924,13316
1925,12759
1926,13930
1927,14511
1928,13584
1929,12789
1930,14731
1931,12146
1932,12432
1933,13012
1934,12580
1935,12171
1936,11090
1937,11868
1938,12518
1939,11597
1940,14322
1941,12263
1942,11661
1943,15046
1944,13598
1945,12819
1946,15224
1947,14232
1948,15321
1949,12337
1950,11216
1951,13111
1952,12522
1953,14774
1954,12350
1955,13035
1956,16249
1957,11218
1958,12725
1959,13417
1960,14458
1961,13056
1962,14776
1963,13845
1964,11350
1965,13048
1966,12085
1967,9886
1968,10800
1969,9966
1970,11200
1971,11889
1972,11116
1973,11270
1974,11275
1975,12818
1976,11790
1977,10747
1978,12926
1979,9238
1980,11019
1981,11691
1982,10469
1983,11279
1984,10678
1985,11019
1986,11075
1987,10729
1988,10854
1989,10759
1990,9998
1991,10467
1992,10190
1993,10586
1994,11109
1995,12906
1996,10341
1997,12848
1998,10795
1999,11307
2000,9923
2001,11143
2002,12121
2003,11447
2004,11454
2005,10325
2006,10731
2007,10357
2008,10602
